[DB] MongoDB connected: 127.0.0.1
[PERMISSIONS] All module permissions registered
[SERVER] Running on port 5000 in development mode
[2026-08-27T07:33:47.130Z] POST /api/auth/login
[0mPOST /api/auth/login [32m200[0m 1572.559 ms - 566[0m
[2026-08-27T07:33:48.719Z] POST /api/auth/login
[0mPOST /api/auth/login [32m200[0m 1071.642 ms - 592[0m
[2026-08-27T07:33:49.802Z] POST /api/auth/login
[0mPOST /api/auth/login [32m200[0m 680.810 ms - 579[0m
[2026-08-27T07:33:50.488Z] POST /api/auth/login
[0mPOST /api/auth/login [32m200[0m 801.573 ms - 571[0m
[2026-08-27T07:33:51.295Z] POST /api/auth/login
[0mPOST /api/auth/login [32m200[0m 894.477 ms - 560[0m
[2026-08-27T07:33:52.198Z] POST /api/employees
[0mPOST /api/employees [32m201[0m 52.960 ms - 537[0m
[2026-08-27T07:33:52.281Z] GET /api/employees/6a8fe8608eaf4aa7e6fb4db8
[0mGET /api/employees/6a8fe8608eaf4aa7e6fb4db8 [32m200[0m 35.083 ms - 537[0m
[2026-08-27T07:33:52.330Z] PUT /api/employees/6a8fe8608eaf4aa7e6fb4db8
[0mPUT /api/employees/6a8fe8608eaf4aa7e6fb4db8 [32m200[0m 67.603 ms - 546[0m
[2026-08-27T07:33:52.408Z] POST /api/sites
[0mPOST /api/sites [32m201[0m 45.516 ms - 399[0m
[2026-08-27T07:33:52.467Z] GET /api/sites/6a8fe8608eaf4aa7e6fb4dc2
[0mGET /api/sites/6a8fe8608eaf4aa7e6fb4dc2 [32m200[0m 16.946 ms - 399[0m
[2026-08-27T07:33:52.489Z] PUT /api/sites/6a8fe8608eaf4aa7e6fb4dc2
[0mPUT /api/sites/6a8fe8608eaf4aa7e6fb4dc2 [32m200[0m 25.574 ms - 402[0m
[2026-08-27T07:33:52.522Z] POST /api/guards/register
[0mPOST /api/guards/register [32m201[0m 984.126 ms - 644[0m
[2026-08-27T07:33:53.514Z] GET /api/guards/6a8fe8608eaf4aa7e6fb4dcd
[0mGET /api/guards/6a8fe8608eaf4aa7e6fb4dcd [32m200[0m 30.768 ms - 961[0m
[2026-08-27T07:33:53.549Z] POST /api/guards/register
[0mPOST /api/guards/register [31m500[0m 22.612 ms - 778[0m
[2026-08-27T07:33:53.574Z] GET /api/employees
[0mGET /api/employees [32m200[0m 32.471 ms - 10588[0m
[2026-08-27T07:33:53.612Z] POST /api/guards/assign-site
[0mPOST /api/guards/assign-site [32m201[0m 42.166 ms - 342[0m
[2026-08-27T07:33:53.706Z] POST /api/attendance/clock-in
[0mPOST /api/attendance/clock-in [32m201[0m 509.864 ms - 413[0m
[2026-08-27T07:33:54.219Z] POST /api/attendance/clock-out/6a8fe8608eaf4aa7e6fb4dcd
[0mPOST /api/attendance/clock-out/6a8fe8608eaf4aa7e6fb4dcd [32m200[0m 104.427 ms - 473[0m
[2026-08-27T07:33:54.331Z] PUT /api/attendance/6a8fe8628eaf4aa7e6fb4de9/edit
[0mPUT /api/attendance/6a8fe8628eaf4aa7e6fb4de9/edit [32m200[0m 32.912 ms - 529[0m
[2026-08-27T07:33:54.372Z] GET /api/audit-logs?entity=AttendanceRecord&limit=5
[0mGET /api/audit-logs?entity=AttendanceRecord&limit=5 [32m200[0m 48.313 ms - 3585[0m
[2026-08-27T07:33:54.423Z] POST /api/staff-attendance/unlock
[0mPOST /api/staff-attendance/unlock [32m200[0m 25.498 ms - 278[0m
[2026-08-27T07:33:54.455Z] POST /api/staff-attendance/day
[0mPOST /api/staff-attendance/day [32m201[0m 40.606 ms - 345[0m
[2026-08-27T07:33:54.502Z] GET /api/staff-attendance/grid?year=2028&month=3
[0mGET /api/staff-attendance/grid?year=2028&month=3 [32m200[0m 389.682 ms - 155358[0m
[2026-08-27T07:33:54.918Z] GET /api/staff-attendance/summary?year=2028&month=3
[0mGET /api/staff-attendance/summary?year=2028&month=3 [32m200[0m 132.807 ms - 54819[0m
[2026-08-27T07:33:55.070Z] POST /api/finance/periods
[0mPOST /api/finance/periods [33m409[0m 37.760 ms - 584[0m
[2026-08-27T07:33:55.123Z] GET /api/finance/periods
[0mGET /api/finance/periods [32m200[0m 31.787 ms - 7460[0m
[2026-08-27T07:33:55.158Z] PUT /api/finance/rates/6a83038f91e65df0d84d3963
[0mPUT /api/finance/rates/6a83038f91e65df0d84d3963 [32m200[0m 42.982 ms - 272[0m
[2026-08-27T07:33:55.206Z] GET /api/finance/rates/6a83038f91e65df0d84d3963
[0mGET /api/finance/rates/6a83038f91e65df0d84d3963 [32m200[0m 15.314 ms - 272[0m
[2026-08-27T07:33:55.232Z] POST /api/guard-payroll/generate/6a83038f91e65df0d84d3963
[0mPOST /api/guard-payroll/generate/6a83038f91e65df0d84d3963 [32m201[0m 2029.974 ms - 14377[0m
[2026-08-27T07:33:57.270Z] POST /api/guard-payroll/6a8fe8648eaf4aa7e6fb4ee5/submit
[0mPOST /api/guard-payroll/6a8fe8648eaf4aa7e6fb4ee5/submit [32m200[0m 43.866 ms - 707[0m
[2026-08-27T07:33:57.325Z] PUT /api/guard-payroll/6a8fe8648eaf4aa7e6fb4ee5/rates
[0mPUT /api/guard-payroll/6a8fe8648eaf4aa7e6fb4ee5/rates [32m200[0m 33.375 ms - 796[0m
[2026-08-27T07:33:57.365Z] POST /api/guard-payroll/6a8fe8648eaf4aa7e6fb4ee5/calculate
[0mPOST /api/guard-payroll/6a8fe8648eaf4aa7e6fb4ee5/calculate [32m200[0m 127.309 ms - 1715[0m
[2026-08-27T07:33:57.503Z] POST /api/guard-payroll/6a8fe8648eaf4aa7e6fb4ee5/check
[0mPOST /api/guard-payroll/6a8fe8648eaf4aa7e6fb4ee5/check [32m200[0m 37.055 ms - 932[0m
[2026-08-27T07:33:57.545Z] POST /api/guard-payroll/6a8fe8648eaf4aa7e6fb4ee5/approve
[0mPOST /api/guard-payroll/6a8fe8648eaf4aa7e6fb4ee5/approve [32m200[0m 23.921 ms - 1013[0m
[2026-08-27T07:33:57.575Z] POST /api/guard-payroll/6a8fe8648eaf4aa7e6fb4ee5/pay
[0mPOST /api/guard-payroll/6a8fe8648eaf4aa7e6fb4ee5/pay [32m200[0m 29.037 ms - 1185[0m
[2026-08-27T07:33:57.610Z] GET /api/guard-payroll/6a8fe8648eaf4aa7e6fb4ee5
[0mGET /api/guard-payroll/6a8fe8648eaf4aa7e6fb4ee5 [32m200[0m 26.350 ms - 2271[0m
[2026-08-27T07:33:57.640Z] POST /api/staff-attendance/lock
[0mPOST /api/staff-attendance/lock [32m200[0m 18.452 ms - 280[0m
[2026-08-27T07:33:57.664Z] POST /api/office-payroll/generate/6a83038f91e65df0d84d3963
[0mPOST /api/office-payroll/generate/6a83038f91e65df0d84d3963 [32m201[0m 540.083 ms - 1128[0m
[2026-08-27T07:33:58.210Z] GET /api/office-payroll?payrollPeriodId=6a83038f91e65df0d84d3963
[0mGET /api/office-payroll?payrollPeriodId=6a83038f91e65df0d84d3963 [32m200[0m 52.640 ms - 28509[0m
[2026-08-27T07:33:58.267Z] PUT /api/office-payroll/6a8fe8668eaf4aa7e6fb501e/salary
[0mPUT /api/office-payroll/6a8fe8668eaf4aa7e6fb501e/salary [32m200[0m 15.021 ms - 597[0m
[2026-08-27T07:33:58.288Z] POST /api/office-payroll/6a8fe8668eaf4aa7e6fb501e/calculate
[0mPOST /api/office-payroll/6a8fe8668eaf4aa7e6fb501e/calculate [32m200[0m 100.375 ms - 1211[0m
[2026-08-27T07:33:58.398Z] POST /api/office-payroll/6a8fe8668eaf4aa7e6fb501e/submit
[0mPOST /api/office-payroll/6a8fe8668eaf4aa7e6fb501e/submit [32m200[0m 18.852 ms - 796[0m
[2026-08-27T07:33:58.421Z] POST /api/office-payroll/6a8fe8668eaf4aa7e6fb501e/check
[0mPOST /api/office-payroll/6a8fe8668eaf4aa7e6fb501e/check [32m200[0m 20.007 ms - 872[0m
[2026-08-27T07:33:58.446Z] POST /api/office-payroll/6a8fe8668eaf4aa7e6fb501e/approve
[0mPOST /api/office-payroll/6a8fe8668eaf4aa7e6fb501e/approve [32m200[0m 17.194 ms - 953[0m
[2026-08-27T07:33:58.468Z] POST /api/office-payroll/6a8fe8668eaf4aa7e6fb501e/pay
[0mPOST /api/office-payroll/6a8fe8668eaf4aa7e6fb501e/pay [32m200[0m 32.663 ms - 1094[0m
[2026-08-27T07:33:58.505Z] GET /api/office-payroll/6a8fe8668eaf4aa7e6fb501e
[0mGET /api/office-payroll/6a8fe8668eaf4aa7e6fb501e [32m200[0m 26.502 ms - 1820[0m
[2026-08-27T07:33:58.536Z] POST /api/employees
[0mPOST /api/employees [32m201[0m 17.000 ms - 420[0m
[2026-08-27T07:33:58.558Z] POST /api/finance/periods
[0mPOST /api/finance/periods [33m403[0m 6.395 ms - 1353[0m
[2026-08-27T07:33:58.569Z] POST /api/employees
[0mPOST /api/employees [33m403[0m 5.507 ms - 1353[0m
[2026-08-27T07:33:58.584Z] GET /api/guard-payroll
[0mGET /api/guard-payroll [32m200[0m 207.404 ms - 33805[0m
[2026-08-27T07:33:58.852Z] GET /api/audit-logs
[0mGET /api/audit-logs [32m200[0m 56.398 ms - 12421[0m
[2026-08-27T07:33:58.916Z] POST /api/finance/periods
[0mPOST /api/finance/periods [33m403[0m 6.974 ms - 1353[0m
[2026-08-27T07:33:58.929Z] GET /api/finance/periods
[0mGET /api/finance/periods [32m200[0m 68.704 ms - 7462[0m
[2026-08-27T07:33:59.002Z] POST /api/auth/login
[0mPOST /api/auth/login [32m200[0m 1086.407 ms - 618[0m
[2026-08-27T07:34:00.107Z] POST /api/attendance/clock-in
[0mPOST /api/attendance/clock-in [32m201[0m 67.193 ms - 413[0m
[2026-08-27T07:34:00.181Z] POST /api/employees
[0mPOST /api/employees [33m403[0m 5.653 ms - 1353[0m
[2026-08-27T07:34:00.189Z] GET /api/finance/periods
[0mGET /api/finance/periods [33m403[0m 8.944 ms - 1353[0m
[2026-08-27T07:34:00.201Z] DELETE /api/employees/6a8fe8608eaf4aa7e6fb4db8
[0mDELETE /api/employees/6a8fe8608eaf4aa7e6fb4db8 [33m403[0m 5.627 ms - 1367[0m
[2026-08-27T07:34:00.211Z] DELETE /api/employees/6a8fe8668eaf4aa7e6fb5056
[0mDELETE /api/employees/6a8fe8668eaf4aa7e6fb5056 [33m403[0m 5.297 ms - 1367[0m
[2026-08-27T07:34:00.220Z] POST /api/guards/register
[0mPOST /api/guards/register [32m201[0m 950.190 ms - 639[0m
[2026-08-27T07:34:01.179Z] POST /api/guards/register
[0mPOST /api/guards/register [32m201[0m 821.255 ms - 639[0m
[2026-08-27T07:34:02.006Z] POST /api/guards/assign-site
[0mPOST /api/guards/assign-site [32m201[0m 26.430 ms - 342[0m
[2026-08-27T07:34:02.037Z] POST /api/guards/assign-site
[0mPOST /api/guards/assign-site [32m201[0m 25.573 ms - 342[0m
[2026-08-27T07:34:02.069Z] POST /api/guards/assign-site
[0mPOST /api/guards/assign-site [33m403[0m 17.064 ms - 1353[0m
[2026-08-27T07:34:02.096Z] POST /api/guards/register
[0mPOST /api/guards/register [32m201[0m 907.225 ms - 637[0m
[2026-08-27T07:34:03.011Z] POST /api/guards/register
[0mPOST /api/guards/register [32m201[0m 710.355 ms - 637[0m
[2026-08-27T07:34:03.727Z] POST /api/guards/register
[0mPOST /api/guards/register [32m201[0m 787.798 ms - 637[0m
[2026-08-27T07:34:04.521Z] POST /api/auth/login
[0mPOST /api/auth/login [32m200[0m 761.088 ms - 613[0m
[2026-08-27T07:34:05.286Z] POST /api/auth/login
[0mPOST /api/auth/login [32m200[0m 697.762 ms - 613[0m
[2026-08-27T07:34:05.988Z] POST /api/auth/login
[0mPOST /api/auth/login [32m200[0m 715.047 ms - 613[0m
[2026-08-27T07:34:06.706Z] POST /api/sites
[0mPOST /api/sites [32m201[0m 13.808 ms - 406[0m
[2026-08-27T07:34:06.724Z] POST /api/guards/assign-site
[0mPOST /api/guards/assign-site [32m201[0m 24.713 ms - 342[0m
[2026-08-27T07:34:06.754Z] POST /api/attendance/clock-in
[0mPOST /api/attendance/clock-in [32m201[0m 32.278 ms - 413[0m
[2026-08-27T07:34:06.789Z] POST /api/attendance/clock-out/6a8fe86a8eaf4aa7e6fb5093
[0mPOST /api/attendance/clock-out/6a8fe86a8eaf4aa7e6fb5093 [32m200[0m 31.532 ms - 473[0m
[2026-08-27T07:34:06.824Z] POST /api/guards/assign-site
[0mPOST /api/guards/assign-site [32m201[0m 26.861 ms - 342[0m
[2026-08-27T07:34:06.855Z] GET /api/attendance/on-duty/6a8fe86e8eaf4aa7e6fb50b6
[0mGET /api/attendance/on-duty/6a8fe86e8eaf4aa7e6fb50b6 [32m200[0m 8.894 ms - 26[0m
[2026-08-27T07:34:06.867Z] POST /api/attendance/clock-in
[0mPOST /api/attendance/clock-in [32m201[0m 32.482 ms - 413[0m
[2026-08-27T07:34:06.903Z] POST /api/attendance/clock-out/6a8fe86b8eaf4aa7e6fb509d
[0mPOST /api/attendance/clock-out/6a8fe86b8eaf4aa7e6fb509d [32m200[0m 25.652 ms - 459[0m
[2026-08-27T07:34:06.931Z] POST /api/sites
[0mPOST /api/sites [32m201[0m 11.909 ms - 407[0m
[2026-08-27T07:34:06.948Z] POST /api/guards/assign-site
[0mPOST /api/guards/assign-site [32m201[0m 30.083 ms - 342[0m
[2026-08-27T07:34:06.983Z] POST /api/guards/assign-site
[0mPOST /api/guards/assign-site [32m201[0m 35.960 ms - 342[0m
[2026-08-27T07:34:07.026Z] POST /api/guards/assign-site
[0mPOST /api/guards/assign-site [32m201[0m 44.929 ms - 342[0m
[2026-08-27T07:34:07.078Z] GET /api/attendance/on-duty/6a8fe86e8eaf4aa7e6fb50ea
[0mGET /api/attendance/on-duty/6a8fe86e8eaf4aa7e6fb50ea [32m200[0m 11.198 ms - 26[0m
[2026-08-27T07:34:07.094Z] POST /api/attendance/clock-in
[0mPOST /api/attendance/clock-in [32m201[0m 47.101 ms - 413[0m
[2026-08-27T07:34:07.146Z] GET /api/attendance/on-duty/6a8fe86e8eaf4aa7e6fb50ea
[0mGET /api/attendance/on-duty/6a8fe86e8eaf4aa7e6fb50ea [32m200[0m 8.915 ms - 52[0m
[2026-08-27T07:34:07.158Z] POST /api/attendance/clock-in
[0mPOST /api/attendance/clock-in [32m201[0m 41.503 ms - 413[0m
[2026-08-27T07:34:07.202Z] GET /api/attendance/on-duty/6a8fe86e8eaf4aa7e6fb50ea
[0mGET /api/attendance/on-duty/6a8fe86e8eaf4aa7e6fb50ea [32m200[0m 11.794 ms - 79[0m
[2026-08-27T07:34:07.216Z] POST /api/attendance/clock-in
[0mPOST /api/attendance/clock-in [32m201[0m 42.580 ms - 413[0m
[2026-08-27T07:34:07.264Z] GET /api/attendance/active/6a8fe86a8eaf4aa7e6fb5093
[0mGET /api/attendance/active/6a8fe86a8eaf4aa7e6fb5093 [32m200[0m 13.536 ms - 770[0m
[2026-08-27T07:34:07.280Z] POST /api/attendance/clock-in
[0mPOST /api/attendance/clock-in [33m409[0m 8.627 ms - 654[0m
[2026-08-27T07:34:07.294Z] POST /api/attendance/clock-out/6a8fe86a8eaf4aa7e6fb5093
[0mPOST /api/attendance/clock-out/6a8fe86a8eaf4aa7e6fb5093 [32m200[0m 22.387 ms - 516[0m
[2026-08-27T07:34:07.319Z] GET /api/attendance/recent/6a8fe86a8eaf4aa7e6fb5093?days=1
[0mGET /api/attendance/recent/6a8fe86a8eaf4aa7e6fb5093?days=1 [32m200[0m 16.832 ms - 1681[0m
[2026-08-27T07:34:07.339Z] POST /api/attendance/clock-in
[0mPOST /api/attendance/clock-in [33m409[0m 11.486 ms - 654[0m
[2026-08-27T07:34:07.353Z] GET /api/attendance/coverage-alerts/6a8fe86e8eaf4aa7e6fb50ea
[0mGET /api/attendance/coverage-alerts/6a8fe86e8eaf4aa7e6fb50ea [32m200[0m 14.196 ms - 90[0m
[2026-08-27T07:34:07.369Z] GET /api/attendance/active/6a8fe86b8eaf4aa7e6fb509d
[0mGET /api/attendance/active/6a8fe86b8eaf4aa7e6fb509d [32m200[0m 15.033 ms - 770[0m
[2026-08-27T07:34:07.387Z] POST /api/attendance/override-clockout/6a8fe86f8eaf4aa7e6fb5116
[0mPOST /api/attendance/override-clockout/6a8fe86f8eaf4aa7e6fb5116 [32m200[0m 43.194 ms - 563[0m
[2026-08-27T07:34:07.434Z] POST /api/sites
[0mPOST /api/sites [32m201[0m 21.513 ms - 391[0m
[2026-08-27T07:34:07.462Z] POST /api/guards/register
[0mPOST /api/guards/register [32m201[0m 668.066 ms - 632[0m
[2026-08-27T07:34:08.135Z] POST /api/auth/login
[0mPOST /api/auth/login [32m200[0m 724.168 ms - 612[0m
[2026-08-27T07:34:08.863Z] POST /api/attendance/clock-in
[0mPOST /api/attendance/clock-in [32m201[0m 32.087 ms - 413[0m
[2026-08-27T07:34:08.898Z] GET /api/attendance/active/6a8fe86f8eaf4aa7e6fb5146
[0mGET /api/attendance/active/6a8fe86f8eaf4aa7e6fb5146 [32m200[0m 12.433 ms - 754[0m
[2026-08-27T07:34:08.913Z] POST /api/attendance/override-clockout/6a8fe8708eaf4aa7e6fb5153
[0mPOST /api/attendance/override-clockout/6a8fe8708eaf4aa7e6fb5153 [33m403[0m 5.328 ms - 1367[0m
[2026-08-27T07:34:08.922Z] POST /api/attendance/override-clockout/6a8fe8708eaf4aa7e6fb5153
[0mPOST /api/attendance/override-clockout/6a8fe8708eaf4aa7e6fb5153 [32m200[0m 33.156 ms - 549[0m
[2026-08-27T07:34:08.958Z] GET /api/attendance/on-duty/6a8fe86e8eaf4aa7e6fb50ea
[0mGET /api/attendance/on-duty/6a8fe86e8eaf4aa7e6fb50ea [32m200[0m 8.705 ms - 52[0m
[2026-08-27T07:34:08.969Z] GET /api/attendance/active/6a8fe86b8eaf4aa7e6fb50a7
[0mGET /api/attendance/active/6a8fe86b8eaf4aa7e6fb50a7 [32m200[0m 11.748 ms - 770[0m
[2026-08-27T07:34:08.984Z] POST /api/attendance/clock-out/6a8fe86b8eaf4aa7e6fb50a7
[0mPOST /api/attendance/clock-out/6a8fe86b8eaf4aa7e6fb50a7 [32m200[0m 27.289 ms - 459[0m
[2026-08-27T07:34:09.014Z] POST /api/guards/assign-site
[0mPOST /api/guards/assign-site [32m201[0m 32.976 ms - 342[0m
[2026-08-27T07:34:09.052Z] POST /api/attendance/clock-in
[0mPOST /api/attendance/clock-in [32m201[0m 50.165 ms - 413[0m
[2026-08-27T07:34:09.106Z] POST /api/attendance/clock-out/6a8fe86b8eaf4aa7e6fb50a7
[0mPOST /api/attendance/clock-out/6a8fe86b8eaf4aa7e6fb50a7 [32m200[0m 28.031 ms - 473[0m
[2026-08-27T07:34:09.138Z] POST /api/sites
[0mPOST /api/sites [32m201[0m 17.248 ms - 403[0m
[2026-08-27T07:34:09.164Z] POST /api/guards/register
[0mPOST /api/guards/register [32m201[0m 670.876 ms - 633[0m
[2026-08-27T07:34:09.839Z] POST /api/guards/register
[0mPOST /api/guards/register [32m201[0m 824.698 ms - 629[0m
[2026-08-27T07:34:10.669Z] POST /api/auth/login
[0mPOST /api/auth/login [32m200[0m 677.770 ms - 612[0m
[2026-08-27T07:34:11.350Z] POST /api/auth/login
[0mPOST /api/auth/login [32m200[0m 701.883 ms - 609[0m
[2026-08-27T07:34:12.054Z] POST /api/guards/assign-site
[0mPOST /api/guards/assign-site [32m201[0m 21.973 ms - 342[0m
[2026-08-27T07:34:12.081Z] POST /api/attendance/clock-in
[0mPOST /api/attendance/clock-in [32m201[0m 36.154 ms - 413[0m
[2026-08-27T07:34:12.120Z] POST /api/attendance/clock-out/6a8fe8718eaf4aa7e6fb5192
[0mPOST /api/attendance/clock-out/6a8fe8718eaf4aa7e6fb5192 [32m200[0m 19.879 ms - 517[0m
[2026-08-27T07:34:12.144Z] POST /api/guards/assign-site
[0mPOST /api/guards/assign-site [32m201[0m 21.806 ms - 342[0m
[2026-08-27T07:34:12.171Z] POST /api/attendance/clock-in
[0mPOST /api/attendance/clock-in [33m400[0m 12.797 ms - 734[0m
[2026-08-27T07:34:12.187Z] POST /api/sites
[0mPOST /api/sites [32m201[0m 11.981 ms - 394[0m
[2026-08-27T07:34:12.203Z] POST /api/attendance/clock-in
[0mPOST /api/attendance/clock-in [32m201[0m 26.335 ms - 413[0m
[2026-08-27T07:34:12.232Z] POST /api/attendance/clock-out/6a8fe8718eaf4aa7e6fb5188
[0mPOST /api/attendance/clock-out/6a8fe8718eaf4aa7e6fb5188 [32m200[0m 26.479 ms - 459[0m
[2026-08-27T07:34:12.262Z] GET /api/employees?limit=1
[0mGET /api/employees?limit=1 [32m200[0m 15.754 ms - 615[0m
[2026-08-27T07:34:12.283Z] GET /api/sites?limit=1
[0mGET /api/sites?limit=1 [32m200[0m 12.566 ms - 459[0m
[2026-08-27T07:36:41.911Z] POST /api/auth/login
[0mPOST /api/auth/login [32m200[0m 2525.247 ms - 566[0m
[2026-08-27T07:36:44.458Z] POST /api/auth/login
[0mPOST /api/auth/login [32m200[0m 918.024 ms - 592[0m
[2026-08-27T07:36:45.382Z] POST /api/auth/login
[0mPOST /api/auth/login [32m200[0m 668.879 ms - 579[0m
[2026-08-27T07:36:46.055Z] POST /api/auth/login
[0mPOST /api/auth/login [32m200[0m 1004.773 ms - 571[0m
[2026-08-27T07:36:47.066Z] POST /api/auth/login
[0mPOST /api/auth/login [32m200[0m 655.394 ms - 560[0m
[2026-08-27T07:36:47.727Z] POST /api/employees
[0mPOST /api/employees [32m201[0m 18.643 ms - 537[0m
[2026-08-27T07:36:47.752Z] GET /api/employees/6a8fe90f8eaf4aa7e6fb51de
[0mGET /api/employees/6a8fe90f8eaf4aa7e6fb51de [32m200[0m 10.575 ms - 537[0m
[2026-08-27T07:36:47.768Z] PUT /api/employees/6a8fe90f8eaf4aa7e6fb51de
[0mPUT /api/employees/6a8fe90f8eaf4aa7e6fb51de [32m200[0m 15.918 ms - 546[0m
[2026-08-27T07:36:47.791Z] POST /api/sites
[0mPOST /api/sites [32m201[0m 18.812 ms - 399[0m
[2026-08-27T07:36:47.818Z] GET /api/sites/6a8fe90f8eaf4aa7e6fb51e8
[0mGET /api/sites/6a8fe90f8eaf4aa7e6fb51e8 [32m200[0m 9.105 ms - 399[0m
[2026-08-27T07:36:47.832Z] PUT /api/sites/6a8fe90f8eaf4aa7e6fb51e8
[0mPUT /api/sites/6a8fe90f8eaf4aa7e6fb51e8 [32m200[0m 18.172 ms - 402[0m
[2026-08-27T07:36:47.855Z] POST /api/guards/register
[0mPOST /api/guards/register [32m201[0m 1889.545 ms - 644[0m
[2026-08-27T07:36:49.755Z] GET /api/guards/6a8fe90f8eaf4aa7e6fb51f3
[0mGET /api/guards/6a8fe90f8eaf4aa7e6fb51f3 [32m200[0m 33.966 ms - 961[0m
[2026-08-27T07:36:49.793Z] POST /api/guards/register
[0mPOST /api/guards/register [31m500[0m 17.110 ms - 778[0m
[2026-08-27T07:36:49.813Z] GET /api/employees
[0mGET /api/employees [32m200[0m 27.412 ms - 10588[0m
[2026-08-27T07:36:49.844Z] POST /api/guards/assign-site
[0mPOST /api/guards/assign-site [32m201[0m 84.870 ms - 342[0m
[2026-08-27T07:36:49.936Z] POST /api/attendance/clock-in
[0mPOST /api/attendance/clock-in [32m201[0m 36.595 ms - 413[0m
[2026-08-27T07:36:49.976Z] POST /api/attendance/clock-out/6a8fe90f8eaf4aa7e6fb51f3
[0mPOST /api/attendance/clock-out/6a8fe90f8eaf4aa7e6fb51f3 [32m200[0m 29.778 ms - 473[0m
[2026-08-27T07:36:50.010Z] PUT /api/attendance/6a8fe9118eaf4aa7e6fb520f/edit
[0mPUT /api/attendance/6a8fe9118eaf4aa7e6fb520f/edit [32m200[0m 44.524 ms - 529[0m
[2026-08-27T07:36:50.059Z] GET /api/audit-logs?entity=AttendanceRecord&limit=5
[0mGET /api/audit-logs?entity=AttendanceRecord&limit=5 [32m200[0m 64.675 ms - 3606[0m
[2026-08-27T07:36:50.134Z] POST /api/staff-attendance/unlock
[0mPOST /api/staff-attendance/unlock [32m200[0m 45.648 ms - 278[0m
[2026-08-27T07:36:50.189Z] POST /api/staff-attendance/day
[0mPOST /api/staff-attendance/day [32m201[0m 45.382 ms - 345[0m
[2026-08-27T07:36:50.241Z] GET /api/staff-attendance/grid?year=2028&month=3
[0mGET /api/staff-attendance/grid?year=2028&month=3 [32m200[0m 117.619 ms - 158959[0m
[2026-08-27T07:36:50.368Z] GET /api/staff-attendance/summary?year=2028&month=3
[0mGET /api/staff-attendance/summary?year=2028&month=3 [32m200[0m 57.074 ms - 56077[0m
[2026-08-27T07:36:50.431Z] POST /api/finance/periods
[0mPOST /api/finance/periods [33m409[0m 11.167 ms - 584[0m
[2026-08-27T07:36:50.445Z] GET /api/finance/periods
[0mGET /api/finance/periods [32m200[0m 15.457 ms - 7460[0m
[2026-08-27T07:36:50.465Z] PUT /api/finance/rates/6a83038f91e65df0d84d3963
[0mPUT /api/finance/rates/6a83038f91e65df0d84d3963 [32m200[0m 16.213 ms - 272[0m
[2026-08-27T07:36:50.487Z] GET /api/finance/rates/6a83038f91e65df0d84d3963
[0mGET /api/finance/rates/6a83038f91e65df0d84d3963 [32m200[0m 8.685 ms - 272[0m
[2026-08-27T07:36:50.501Z] POST /api/guard-payroll/generate/6a83038f91e65df0d84d3963
[0mPOST /api/guard-payroll/generate/6a83038f91e65df0d84d3963 [32m201[0m 3499.738 ms - 4809[0m
[2026-08-27T07:36:54.007Z] POST /api/guard-payroll/6a8fe9158eaf4aa7e6fb5323/submit
[0mPOST /api/guard-payroll/6a8fe9158eaf4aa7e6fb5323/submit [32m200[0m 620.678 ms - 707[0m
[2026-08-27T07:36:54.634Z] PUT /api/guard-payroll/6a8fe9158eaf4aa7e6fb5323/rates
[0mPUT /api/guard-payroll/6a8fe9158eaf4aa7e6fb5323/rates [32m200[0m 16.589 ms - 796[0m
[2026-08-27T07:36:54.656Z] POST /api/guard-payroll/6a8fe9158eaf4aa7e6fb5323/calculate
[0mPOST /api/guard-payroll/6a8fe9158eaf4aa7e6fb5323/calculate [32m200[0m 45.818 ms - 1715[0m
[2026-08-27T07:36:54.707Z] POST /api/guard-payroll/6a8fe9158eaf4aa7e6fb5323/check
[0mPOST /api/guard-payroll/6a8fe9158eaf4aa7e6fb5323/check [32m200[0m 24.696 ms - 932[0m
[2026-08-27T07:36:54.736Z] POST /api/guard-payroll/6a8fe9158eaf4aa7e6fb5323/approve
[0mPOST /api/guard-payroll/6a8fe9158eaf4aa7e6fb5323/approve [32m200[0m 19.835 ms - 1013[0m
[2026-08-27T07:36:54.761Z] POST /api/guard-payroll/6a8fe9158eaf4aa7e6fb5323/pay
[0mPOST /api/guard-payroll/6a8fe9158eaf4aa7e6fb5323/pay [32m200[0m 25.376 ms - 1185[0m
[2026-08-27T07:36:54.791Z] GET /api/guard-payroll/6a8fe9158eaf4aa7e6fb5323
[0mGET /api/guard-payroll/6a8fe9158eaf4aa7e6fb5323 [32m200[0m 24.542 ms - 2271[0m
[2026-08-27T07:36:54.819Z] POST /api/staff-attendance/lock
[0mPOST /api/staff-attendance/lock [32m200[0m 20.127 ms - 280[0m
[2026-08-27T07:36:54.845Z] POST /api/office-payroll/generate/6a83038f91e65df0d84d3963
[0mPOST /api/office-payroll/generate/6a83038f91e65df0d84d3963 [32m201[0m 964.610 ms - 1128[0m
[2026-08-27T07:36:55.815Z] GET /api/office-payroll?payrollPeriodId=6a83038f91e65df0d84d3963
[0mGET /api/office-payroll?payrollPeriodId=6a83038f91e65df0d84d3963 [32m200[0m 63.549 ms - 28554[0m
[2026-08-27T07:36:55.884Z] PUT /api/office-payroll/6a8fe9178eaf4aa7e6fb53ee/salary
[0mPUT /api/office-payroll/6a8fe9178eaf4aa7e6fb53ee/salary [32m200[0m 14.608 ms - 597[0m
[2026-08-27T07:36:55.903Z] POST /api/office-payroll/6a8fe9178eaf4aa7e6fb53ee/calculate
[0mPOST /api/office-payroll/6a8fe9178eaf4aa7e6fb53ee/calculate [32m200[0m 65.975 ms - 1211[0m
[2026-08-27T07:36:55.974Z] POST /api/office-payroll/6a8fe9178eaf4aa7e6fb53ee/submit
[0mPOST /api/office-payroll/6a8fe9178eaf4aa7e6fb53ee/submit [32m200[0m 18.675 ms - 796[0m
[2026-08-27T07:36:55.999Z] POST /api/office-payroll/6a8fe9178eaf4aa7e6fb53ee/check
[0mPOST /api/office-payroll/6a8fe9178eaf4aa7e6fb53ee/check [32m200[0m 19.443 ms - 872[0m
[2026-08-27T07:36:56.022Z] POST /api/office-payroll/6a8fe9178eaf4aa7e6fb53ee/approve
[0mPOST /api/office-payroll/6a8fe9178eaf4aa7e6fb53ee/approve [32m200[0m 31.554 ms - 953[0m
[2026-08-27T07:36:56.059Z] POST /api/office-payroll/6a8fe9178eaf4aa7e6fb53ee/pay
[0mPOST /api/office-payroll/6a8fe9178eaf4aa7e6fb53ee/pay [32m200[0m 41.606 ms - 1094[0m
[2026-08-27T07:36:56.105Z] GET /api/office-payroll/6a8fe9178eaf4aa7e6fb53ee
[0mGET /api/office-payroll/6a8fe9178eaf4aa7e6fb53ee [32m200[0m 18.752 ms - 1820[0m
[2026-08-27T07:36:56.127Z] POST /api/employees
[0mPOST /api/employees [32m201[0m 18.335 ms - 420[0m
[2026-08-27T07:36:56.152Z] POST /api/finance/periods
[0mPOST /api/finance/periods [33m403[0m 6.113 ms - 1353[0m
[2026-08-27T07:36:56.162Z] POST /api/employees
[0mPOST /api/employees [33m403[0m 5.872 ms - 1353[0m
[2026-08-27T07:36:56.170Z] GET /api/guard-payroll
[0mGET /api/guard-payroll [32m200[0m 52.316 ms - 34369[0m
[2026-08-27T07:36:56.226Z] GET /api/audit-logs
[0mGET /api/audit-logs [32m200[0m 26.109 ms - 12420[0m
[2026-08-27T07:36:56.256Z] POST /api/finance/periods
[0mPOST /api/finance/periods [33m403[0m 4.459 ms - 1353[0m
[2026-08-27T07:36:56.263Z] GET /api/finance/periods
[0mGET /api/finance/periods [32m200[0m 15.574 ms - 7462[0m
[2026-08-27T07:36:56.284Z] POST /api/auth/login
[0mPOST /api/auth/login [32m200[0m 732.054 ms - 618[0m
[2026-08-27T07:36:57.021Z] POST /api/attendance/clock-in
[0mPOST /api/attendance/clock-in [32m201[0m 35.154 ms - 413[0m
[2026-08-27T07:36:57.059Z] POST /api/employees
[0mPOST /api/employees [33m403[0m 5.692 ms - 1353[0m
[2026-08-27T07:36:57.067Z] GET /api/finance/periods
[0mGET /api/finance/periods [33m403[0m 4.434 ms - 1353[0m
[2026-08-27T07:36:57.073Z] DELETE /api/employees/6a8fe90f8eaf4aa7e6fb51de
[0mDELETE /api/employees/6a8fe90f8eaf4aa7e6fb51de [33m403[0m 4.476 ms - 1367[0m
[2026-08-27T07:36:57.080Z] DELETE /api/employees/6a8fe9188eaf4aa7e6fb5426
[0mDELETE /api/employees/6a8fe9188eaf4aa7e6fb5426 [33m403[0m 4.908 ms - 1367[0m
[2026-08-27T07:36:57.088Z] POST /api/guards/register
[0mPOST /api/guards/register [32m201[0m 669.535 ms - 639[0m
[2026-08-27T07:36:57.765Z] POST /api/guards/register
[0mPOST /api/guards/register [32m201[0m 666.700 ms - 639[0m
[2026-08-27T07:36:58.438Z] POST /api/guards/assign-site
[0mPOST /api/guards/assign-site [32m201[0m 26.857 ms - 342[0m
[2026-08-27T07:36:58.469Z] POST /api/guards/assign-site
[0mPOST /api/guards/assign-site [32m201[0m 25.920 ms - 342[0m
[2026-08-27T07:36:58.502Z] POST /api/guards/assign-site
[0mPOST /api/guards/assign-site [33m403[0m 4.237 ms - 1353[0m
[2026-08-27T07:36:58.510Z] POST /api/guards/register
[0mPOST /api/guards/register [32m201[0m 664.981 ms - 637[0m
[2026-08-27T07:36:59.180Z] POST /api/guards/register
[0mPOST /api/guards/register [32m201[0m 661.452 ms - 637[0m
[2026-08-27T07:36:59.847Z] POST /api/guards/register
[0mPOST /api/guards/register [32m201[0m 990.488 ms - 637[0m
[2026-08-27T07:37:00.842Z] POST /api/auth/login
[0mPOST /api/auth/login [32m200[0m 3053.651 ms - 613[0m
[2026-08-27T07:37:03.902Z] POST /api/auth/login
[0mPOST /api/auth/login [32m200[0m 1316.614 ms - 613[0m
[2026-08-27T07:37:05.221Z] POST /api/auth/login
[0mPOST /api/auth/login [32m200[0m 1028.520 ms - 613[0m
[2026-08-27T07:37:06.253Z] POST /api/sites
[0mPOST /api/sites [32m201[0m 15.991 ms - 406[0m
[2026-08-27T07:37:06.273Z] POST /api/guards/assign-site
[0mPOST /api/guards/assign-site [32m201[0m 22.334 ms - 342[0m
[2026-08-27T07:37:06.301Z] POST /api/attendance/clock-in
[0mPOST /api/attendance/clock-in [32m201[0m 30.785 ms - 413[0m
[2026-08-27T07:37:06.335Z] POST /api/attendance/clock-out/6a8fe91a8eaf4aa7e6fb5463
[0mPOST /api/attendance/clock-out/6a8fe91a8eaf4aa7e6fb5463 [32m200[0m 23.601 ms - 473[0m
[2026-08-27T07:37:06.361Z] POST /api/guards/assign-site
[0mPOST /api/guards/assign-site [32m201[0m 22.598 ms - 342[0m
[2026-08-27T07:37:06.389Z] GET /api/attendance/on-duty/6a8fe9228eaf4aa7e6fb5486
[0mGET /api/attendance/on-duty/6a8fe9228eaf4aa7e6fb5486 [32m200[0m 9.495 ms - 26[0m
[2026-08-27T07:37:06.402Z] POST /api/attendance/clock-in
[0mPOST /api/attendance/clock-in [32m201[0m 38.766 ms - 413[0m
[2026-08-27T07:37:06.444Z] POST /api/attendance/clock-out/6a8fe91b8eaf4aa7e6fb546d
[0mPOST /api/attendance/clock-out/6a8fe91b8eaf4aa7e6fb546d [32m200[0m 29.062 ms - 473[0m
[2026-08-27T07:37:06.476Z] POST /api/sites
[0mPOST /api/sites [32m201[0m 16.910 ms - 407[0m
[2026-08-27T07:37:06.499Z] POST /api/guards/assign-site
[0mPOST /api/guards/assign-site [32m201[0m 40.120 ms - 342[0m
[2026-08-27T07:37:06.544Z] POST /api/guards/assign-site
[0mPOST /api/guards/assign-site [32m201[0m 31.527 ms - 342[0m
[2026-08-27T07:37:06.582Z] POST /api/guards/assign-site
[0mPOST /api/guards/assign-site [32m201[0m 28.646 ms - 342[0m
[2026-08-27T07:37:06.616Z] GET /api/attendance/on-duty/6a8fe9228eaf4aa7e6fb54ba
[0mGET /api/attendance/on-duty/6a8fe9228eaf4aa7e6fb54ba [32m200[0m 7.538 ms - 26[0m
[2026-08-27T07:37:06.627Z] POST /api/attendance/clock-in
[0mPOST /api/attendance/clock-in [32m201[0m 32.771 ms - 413[0m
[2026-08-27T07:37:06.663Z] GET /api/attendance/on-duty/6a8fe9228eaf4aa7e6fb54ba
[0mGET /api/attendance/on-duty/6a8fe9228eaf4aa7e6fb54ba [32m200[0m 7.966 ms - 52[0m
[2026-08-27T07:37:06.674Z] POST /api/attendance/clock-in
[0mPOST /api/attendance/clock-in [32m201[0m 35.212 ms - 413[0m
[2026-08-27T07:37:06.713Z] GET /api/attendance/on-duty/6a8fe9228eaf4aa7e6fb54ba
[0mGET /api/attendance/on-duty/6a8fe9228eaf4aa7e6fb54ba [32m200[0m 10.663 ms - 79[0m
[2026-08-27T07:37:06.727Z] POST /api/attendance/clock-in
[0mPOST /api/attendance/clock-in [32m201[0m 38.296 ms - 413[0m
[2026-08-27T07:37:06.768Z] GET /api/attendance/active/6a8fe91a8eaf4aa7e6fb5463
[0mGET /api/attendance/active/6a8fe91a8eaf4aa7e6fb5463 [32m200[0m 15.081 ms - 770[0m
[2026-08-27T07:37:06.786Z] POST /api/attendance/clock-in
[0mPOST /api/attendance/clock-in [33m409[0m 8.596 ms - 654[0m
[2026-08-27T07:37:06.798Z] POST /api/attendance/clock-out/6a8fe91a8eaf4aa7e6fb5463
[0mPOST /api/attendance/clock-out/6a8fe91a8eaf4aa7e6fb5463 [32m200[0m 27.512 ms - 516[0m
[2026-08-27T07:37:06.828Z] GET /api/attendance/recent/6a8fe91a8eaf4aa7e6fb5463?days=1
[0mGET /api/attendance/recent/6a8fe91a8eaf4aa7e6fb5463?days=1 [32m200[0m 15.809 ms - 1681[0m
[2026-08-27T07:37:06.848Z] POST /api/attendance/clock-in
[0mPOST /api/attendance/clock-in [33m409[0m 8.675 ms - 654[0m
[2026-08-27T07:37:06.859Z] GET /api/attendance/coverage-alerts/6a8fe9228eaf4aa7e6fb54ba
[0mGET /api/attendance/coverage-alerts/6a8fe9228eaf4aa7e6fb54ba [32m200[0m 12.870 ms - 90[0m
[2026-08-27T07:37:06.875Z] GET /api/attendance/active/6a8fe91b8eaf4aa7e6fb546d
[0mGET /api/attendance/active/6a8fe91b8eaf4aa7e6fb546d [32m200[0m 12.867 ms - 770[0m
[2026-08-27T07:37:07.009Z] POST /api/attendance/override-clockout/6a8fe9228eaf4aa7e6fb54e6
[0mPOST /api/attendance/override-clockout/6a8fe9228eaf4aa7e6fb54e6 [32m200[0m 45.108 ms - 563[0m
[2026-08-27T07:37:07.057Z] POST /api/sites
[0mPOST /api/sites [32m201[0m 14.089 ms - 391[0m
[2026-08-27T07:37:07.076Z] POST /api/guards/register
[0mPOST /api/guards/register [32m201[0m 660.903 ms - 632[0m
[2026-08-27T07:37:07.742Z] POST /api/auth/login
[0mPOST /api/auth/login [32m200[0m 652.438 ms - 612[0m
[2026-08-27T07:37:08.398Z] POST /api/attendance/clock-in
[0mPOST /api/attendance/clock-in [32m201[0m 26.515 ms - 413[0m
[2026-08-27T07:37:08.427Z] GET /api/attendance/active/6a8fe9238eaf4aa7e6fb5516
[0mGET /api/attendance/active/6a8fe9238eaf4aa7e6fb5516 [32m200[0m 11.959 ms - 754[0m
[2026-08-27T07:37:08.442Z] POST /api/attendance/override-clockout/6a8fe9248eaf4aa7e6fb5523
[0mPOST /api/attendance/override-clockout/6a8fe9248eaf4aa7e6fb5523 [33m403[0m 4.770 ms - 1367[0m
[2026-08-27T07:37:08.450Z] POST /api/attendance/override-clockout/6a8fe9248eaf4aa7e6fb5523
[0mPOST /api/attendance/override-clockout/6a8fe9248eaf4aa7e6fb5523 [32m200[0m 30.540 ms - 549[0m
[2026-08-27T07:37:08.483Z] GET /api/attendance/on-duty/6a8fe9228eaf4aa7e6fb54ba
[0mGET /api/attendance/on-duty/6a8fe9228eaf4aa7e6fb54ba [32m200[0m 7.119 ms - 52[0m
[2026-08-27T07:37:08.493Z] GET /api/attendance/active/6a8fe91b8eaf4aa7e6fb5477
[0mGET /api/attendance/active/6a8fe91b8eaf4aa7e6fb5477 [32m200[0m 11.533 ms - 770[0m
[2026-08-27T07:37:08.507Z] POST /api/attendance/clock-out/6a8fe91b8eaf4aa7e6fb5477
[0mPOST /api/attendance/clock-out/6a8fe91b8eaf4aa7e6fb5477 [32m200[0m 21.419 ms - 471[0m
[2026-08-27T07:37:08.532Z] POST /api/guards/assign-site
[0mPOST /api/guards/assign-site [32m201[0m 24.433 ms - 342[0m
[2026-08-27T07:37:08.562Z] POST /api/attendance/clock-in
[0mPOST /api/attendance/clock-in [32m201[0m 29.332 ms - 413[0m
[2026-08-27T07:37:08.594Z] POST /api/attendance/clock-out/6a8fe91b8eaf4aa7e6fb5477
[0mPOST /api/attendance/clock-out/6a8fe91b8eaf4aa7e6fb5477 [32m200[0m 16.524 ms - 474[0m
[2026-08-27T07:37:08.614Z] POST /api/sites
[0mPOST /api/sites [32m201[0m 10.564 ms - 403[0m
[2026-08-27T07:37:08.631Z] POST /api/guards/register
[0mPOST /api/guards/register [32m201[0m 656.151 ms - 633[0m
[2026-08-27T07:37:09.292Z] POST /api/guards/register
[0mPOST /api/guards/register [32m201[0m 661.219 ms - 629[0m
[2026-08-27T07:37:09.957Z] POST /api/auth/login
[0mPOST /api/auth/login [32m200[0m 648.962 ms - 612[0m
[2026-08-27T07:37:10.609Z] POST /api/auth/login
[0mPOST /api/auth/login [32m200[0m 648.197 ms - 609[0m
[2026-08-27T07:37:11.261Z] POST /api/guards/assign-site
[0mPOST /api/guards/assign-site [32m201[0m 26.175 ms - 342[0m
[2026-08-27T07:37:11.291Z] POST /api/attendance/clock-in
[0mPOST /api/attendance/clock-in [32m201[0m 25.929 ms - 413[0m
[2026-08-27T07:37:11.320Z] POST /api/attendance/clock-out/6a8fe9258eaf4aa7e6fb5562
[0mPOST /api/attendance/clock-out/6a8fe9258eaf4aa7e6fb5562 [32m200[0m 18.639 ms - 517[0m
[2026-08-27T07:37:11.342Z] POST /api/guards/assign-site
[0mPOST /api/guards/assign-site [32m201[0m 39.881 ms - 342[0m
[2026-08-27T07:37:11.386Z] POST /api/attendance/clock-in
[0mPOST /api/attendance/clock-in [33m400[0m 16.332 ms - 734[0m
[2026-08-27T07:37:11.405Z] POST /api/sites
[0mPOST /api/sites [32m201[0m 19.635 ms - 394[0m
[2026-08-27T07:37:11.431Z] POST /api/attendance/clock-in
[0mPOST /api/attendance/clock-in [32m201[0m 43.083 ms - 413[0m
[2026-08-27T07:37:11.477Z] POST /api/attendance/clock-out/6a8fe9248eaf4aa7e6fb5558
[0mPOST /api/attendance/clock-out/6a8fe9248eaf4aa7e6fb5558 [32m200[0m 26.829 ms - 473[0m
[2026-08-27T07:37:11.506Z] GET /api/employees?limit=1
[0mGET /api/employees?limit=1 [32m200[0m 16.469 ms - 615[0m
[2026-08-27T07:37:11.526Z] GET /api/sites?limit=1
[0mGET /api/sites?limit=1 [32m200[0m 17.077 ms - 459[0m
[2026-08-27T08:05:28.192Z] POST /api/auth/login
[0mPOST /api/auth/login [32m200[0m 646.927 ms - 566[0m
[2026-08-27T08:05:29.073Z] GET /api/employees?limit=1
[2026-08-27T08:05:29.083Z] GET /api/sites?limit=1
[0mGET /api/employees?limit=1 [32m200[0m 28.800 ms - 615[0m
[0mGET /api/sites?limit=1 [32m200[0m 28.395 ms - 459[0m
[2026-08-27T08:05:29.241Z] GET /api/employees?limit=1
[2026-08-27T08:05:29.249Z] GET /api/sites?limit=1
[0mGET /api/employees?limit=1 [36m304[0m 21.250 ms - -[0m
[0mGET /api/sites?limit=1 [36m304[0m 18.733 ms - -[0m
[2026-08-27T08:05:33.913Z] GET /api/employees?page=1&limit=20
[0mGET /api/employees?page=1&limit=20 [32m200[0m 35.584 ms - 10454[0m
[2026-08-27T08:05:34.023Z] GET /api/employees?page=1&limit=20
[0mGET /api/employees?page=1&limit=20 [36m304[0m 31.224 ms - -[0m
[2026-08-27T08:05:34.074Z] GET /api/employees?limit=1
[0mGET /api/employees?limit=1 [36m304[0m 18.006 ms - -[0m
[2026-08-27T08:05:34.118Z] GET /api/employees?limit=1
[0mGET /api/employees?limit=1 [36m304[0m 14.566 ms - -[0m
[2026-08-27T08:05:34.146Z] GET /api/employees?limit=1&category=GUARD
[0mGET /api/employees?limit=1&category=GUARD [32m200[0m 18.971 ms - 615[0m
[2026-08-27T08:05:34.193Z] GET /api/employees?limit=1&category=GUARD
[0mGET /api/employees?limit=1&category=GUARD [36m304[0m 17.515 ms - -[0m
[2026-08-27T08:05:34.221Z] GET /api/employees?limit=1&category=OFFICE_STAFF
[0mGET /api/employees?limit=1&category=OFFICE_STAFF [32m200[0m 17.452 ms - 483[0m
[2026-08-27T08:05:34.278Z] GET /api/employees?limit=1&category=OFFICE_STAFF
[2026-08-27T08:05:34.291Z] GET /api/employees?limit=1&status=ON_LEAVE
[0mGET /api/employees?limit=1&category=OFFICE_STAFF [36m304[0m 27.000 ms - -[0m
[0mGET /api/employees?limit=1&status=ON_LEAVE [36m304[0m 19.653 ms - -[0m
[2026-08-27T08:05:34.346Z] GET /api/employees?limit=1&status=ON_LEAVE
[0mGET /api/employees?limit=1&status=ON_LEAVE [36m304[0m 18.272 ms - -[0m
[2026-08-27T08:05:35.337Z] GET /api/api/payroll/periods
[0mGET /api/api/payroll/periods [33m404[0m 4.638 ms - 45[0m
[2026-08-27T08:05:35.392Z] GET /api/api/payroll/periods
[0mGET /api/api/payroll/periods [33m404[0m 1.435 ms - 45[0m
[2026-08-27T08:05:36.284Z] GET /api/sites
[0mGET /api/sites [32m200[0m 43.388 ms - 7634[0m
[2026-08-27T08:05:36.421Z] GET /api/sites
[0mGET /api/sites [36m304[0m 26.980 ms - -[0m
[2026-08-27T08:05:36.511Z] GET /api/sites
[0mGET /api/sites [36m304[0m 26.758 ms - -[0m
[2026-08-27T08:05:37.254Z] GET /api/audit
[0mGET /api/audit [33m404[0m 7.341 ms - 45[0m
[2026-08-27T08:05:37.432Z] GET /api/audit
[0mGET /api/audit [33m404[0m 2.481 ms - 45[0m
[2026-08-27T08:05:39.056Z] GET /api/employees?limit=1
[2026-08-27T08:05:39.063Z] GET /api/sites?limit=1
[0mGET /api/employees?limit=1 [36m304[0m 24.556 ms - -[0m
[0mGET /api/sites?limit=1 [36m304[0m 26.254 ms - -[0m
[2026-08-27T08:05:39.118Z] GET /api/employees?limit=1
[2026-08-27T08:05:39.192Z] GET /api/sites?limit=1
[0mGET /api/sites?limit=1 [36m304[0m 112.197 ms - -[0m
[0mGET /api/employees?limit=1 [36m304[0m 207.919 ms - -[0m
[2026-08-27T08:05:39.689Z] GET /api/api/payroll/periods
[0mGET /api/api/payroll/periods [33m404[0m 1.333 ms - 45[0m
[2026-08-27T08:05:39.755Z] GET /api/api/payroll/periods
[0mGET /api/api/payroll/periods [33m404[0m 1.925 ms - 45[0m
[2026-08-27T08:05:40.680Z] GET /api/sites
[0mGET /api/sites [36m304[0m 29.907 ms - -[0m
[2026-08-27T08:05:40.774Z] GET /api/sites
[0mGET /api/sites [36m304[0m 19.162 ms - -[0m
[2026-08-27T08:05:40.896Z] GET /api/sites
[0mGET /api/sites [36m304[0m 17.320 ms - -[0m
[2026-08-27T08:05:50.886Z] GET /api/employees?page=1&limit=20
[0mGET /api/employees?page=1&limit=20 [36m304[0m 43.857 ms - -[0m
[2026-08-27T08:05:50.990Z] GET /api/employees?page=1&limit=20
[0mGET /api/employees?page=1&limit=20 [36m304[0m 24.442 ms - -[0m
[2026-08-27T08:05:51.022Z] GET /api/employees?limit=1
[0mGET /api/employees?limit=1 [36m304[0m 21.308 ms - -[0m
[2026-08-27T08:05:51.142Z] GET /api/employees?limit=1
[0mGET /api/employees?limit=1 [36m304[0m 23.443 ms - -[0m
[2026-08-27T08:05:51.227Z] GET /api/employees?limit=1&category=GUARD
[0mGET /api/employees?limit=1&category=GUARD [36m304[0m 19.157 ms - -[0m
[2026-08-27T08:05:51.277Z] GET /api/employees?limit=1&category=GUARD
[0mGET /api/employees?limit=1&category=GUARD [36m304[0m 18.024 ms - -[0m
[2026-08-27T08:05:51.307Z] GET /api/employees?limit=1&category=OFFICE_STAFF
[0mGET /api/employees?limit=1&category=OFFICE_STAFF [36m304[0m 19.512 ms - -[0m
[2026-08-27T08:05:51.346Z] GET /api/employees?limit=1&category=OFFICE_STAFF
[0mGET /api/employees?limit=1&category=OFFICE_STAFF [36m304[0m 19.643 ms - -[0m
[2026-08-27T08:05:51.391Z] GET /api/employees?limit=1&status=ON_LEAVE
[0mGET /api/employees?limit=1&status=ON_LEAVE [36m304[0m 16.587 ms - -[0m
[2026-08-27T08:05:51.441Z] GET /api/employees?limit=1&status=ON_LEAVE
[0mGET /api/employees?limit=1&status=ON_LEAVE [36m304[0m 19.241 ms - -[0m
[2026-08-27T08:06:01.226Z] GET /api/sites
[0mGET /api/sites [36m304[0m 31.318 ms - -[0m
[2026-08-27T08:06:01.348Z] GET /api/sites
[0mGET /api/sites [36m304[0m 24.103 ms - -[0m
[2026-08-27T08:06:01.410Z] GET /api/sites
[0mGET /api/sites [36m304[0m 26.106 ms - -[0m
[2026-08-27T08:06:02.313Z] GET /api/api/payroll/periods
[0mGET /api/api/payroll/periods [33m404[0m 1.621 ms - 45[0m
[2026-08-27T08:06:02.362Z] GET /api/api/payroll/periods
[0mGET /api/api/payroll/periods [33m404[0m 1.388 ms - 45[0m
[2026-08-27T08:06:03.630Z] GET /api/employees?page=1&limit=20
[0mGET /api/employees?page=1&limit=20 [36m304[0m 44.387 ms - -[0m
[2026-08-27T08:06:03.704Z] GET /api/employees?page=1&limit=20
[0mGET /api/employees?page=1&limit=20 [36m304[0m 33.700 ms - -[0m
[2026-08-27T08:06:03.756Z] GET /api/employees?limit=1
[0mGET /api/employees?limit=1 [36m304[0m 24.570 ms - -[0m
[2026-08-27T08:06:03.812Z] GET /api/employees?limit=1
[2026-08-27T08:06:03.825Z] GET /api/employees?limit=1&category=GUARD
[0mGET /api/employees?limit=1 [36m304[0m 30.090 ms - -[0m
[0mGET /api/employees?limit=1&category=GUARD [36m304[0m 26.766 ms - -[0m
[2026-08-27T08:06:03.901Z] GET /api/employees?limit=1&category=GUARD
[0mGET /api/employees?limit=1&category=GUARD [36m304[0m 45.971 ms - -[0m
[2026-08-27T08:06:03.970Z] GET /api/employees?limit=1&category=OFFICE_STAFF
[0mGET /api/employees?limit=1&category=OFFICE_STAFF [36m304[0m 36.017 ms - -[0m
[2026-08-27T08:06:04.098Z] GET /api/employees?limit=1&category=OFFICE_STAFF
[0mGET /api/employees?limit=1&category=OFFICE_STAFF [36m304[0m 27.343 ms - -[0m
[2026-08-27T08:06:04.145Z] GET /api/employees?limit=1&status=ON_LEAVE
[0mGET /api/employees?limit=1&status=ON_LEAVE [36m304[0m 14.555 ms - -[0m
[2026-08-27T08:06:04.185Z] GET /api/employees?limit=1&status=ON_LEAVE
[0mGET /api/employees?limit=1&status=ON_LEAVE [36m304[0m 16.067 ms - -[0m
[2026-08-27T08:06:07.510Z] GET /api/employees?page=1&limit=20
[2026-08-27T08:06:07.527Z] GET /api/contracts?limit=200
[0mGET /api/employees?page=1&limit=20 [36m304[0m 50.760 ms - -[0m
[0mGET /api/contracts?limit=200 [36m304[0m 69.670 ms - -[0m
[2026-08-27T08:06:07.613Z] GET /api/employees?page=1&limit=20
[0mGET /api/employees?page=1&limit=20 [36m304[0m 48.825 ms - -[0m
[2026-08-27T08:06:07.684Z] GET /api/contracts?limit=200
[0mGET /api/contracts?limit=200 [36m304[0m 57.446 ms - -[0m
[2026-08-27T08:06:29.571Z] GET /api/api/payroll/periods
[0mGET /api/api/payroll/periods [33m404[0m 1.688 ms - 45[0m
[2026-08-27T08:06:29.620Z] GET /api/api/payroll/periods
[0mGET /api/api/payroll/periods [33m404[0m 1.830 ms - 45[0m
[2026-08-27T08:06:34.820Z] GET /api/sites
[0mGET /api/sites [36m304[0m 41.253 ms - -[0m
[2026-08-27T08:06:35.003Z] GET /api/sites
[0mGET /api/sites [36m304[0m 21.577 ms - -[0m
[2026-08-27T08:06:35.050Z] GET /api/sites
[0mGET /api/sites [36m304[0m 19.592 ms - -[0m
[2026-08-27T08:06:37.256Z] GET /api/audit
[0mGET /api/audit [33m404[0m 1.569 ms - 45[0m
[2026-08-27T08:06:37.324Z] GET /api/audit
[0mGET /api/audit [33m404[0m 1.275 ms - 45[0m
[2026-08-27T08:06:38.352Z] GET /api/employees?limit=1
[2026-08-27T08:06:38.366Z] GET /api/sites?limit=1
[0mGET /api/employees?limit=1 [36m304[0m 56.092 ms - -[0m
[0mGET /api/sites?limit=1 [36m304[0m 54.011 ms - -[0m
[2026-08-27T08:06:38.735Z] GET /api/employees?limit=1
[2026-08-27T08:06:38.750Z] GET /api/sites?limit=1
[0mGET /api/employees?limit=1 [36m304[0m 26.732 ms - -[0m
[0mGET /api/sites?limit=1 [36m304[0m 21.552 ms - -[0m
[2026-08-27T08:06:39.207Z] GET /api/sites
[0mGET /api/sites [36m304[0m 35.983 ms - -[0m
[2026-08-27T08:06:39.313Z] GET /api/sites
[0mGET /api/sites [36m304[0m 26.125 ms - -[0m
[2026-08-27T08:06:39.395Z] GET /api/sites
[0mGET /api/sites [36m304[0m 29.026 ms - -[0m
[2026-08-27T08:06:40.160Z] GET /api/api/payroll/periods
[0mGET /api/api/payroll/periods [33m404[0m 1.582 ms - 45[0m
[2026-08-27T08:06:40.248Z] GET /api/api/payroll/periods
[0mGET /api/api/payroll/periods [33m404[0m 3.090 ms - 45[0m
[2026-08-27T08:06:40.936Z] GET /api/employees?page=1&limit=20
[0mGET /api/employees?page=1&limit=20 [36m304[0m 41.142 ms - -[0m
[2026-08-27T08:06:41.036Z] GET /api/employees?page=1&limit=20
[0mGET /api/employees?page=1&limit=20 [36m304[0m 35.287 ms - -[0m
[2026-08-27T08:06:41.172Z] GET /api/employees?limit=1
[0mGET /api/employees?limit=1 [36m304[0m 18.236 ms - -[0m
[2026-08-27T08:06:41.209Z] GET /api/employees?limit=1
[0mGET /api/employees?limit=1 [36m304[0m 16.286 ms - -[0m
[2026-08-27T08:06:41.235Z] GET /api/employees?limit=1&category=GUARD
[0mGET /api/employees?limit=1&category=GUARD [36m304[0m 19.732 ms - -[0m
[2026-08-27T08:06:41.273Z] GET /api/employees?limit=1&category=GUARD
[0mGET /api/employees?limit=1&category=GUARD [36m304[0m 18.953 ms - -[0m
[2026-08-27T08:06:41.301Z] GET /api/employees?limit=1&category=OFFICE_STAFF
[0mGET /api/employees?limit=1&category=OFFICE_STAFF [36m304[0m 19.187 ms - -[0m
[2026-08-27T08:06:41.341Z] GET /api/employees?limit=1&category=OFFICE_STAFF
[0mGET /api/employees?limit=1&category=OFFICE_STAFF [36m304[0m 15.637 ms - -[0m
[2026-08-27T08:06:41.361Z] GET /api/employees?limit=1&status=ON_LEAVE
[0mGET /api/employees?limit=1&status=ON_LEAVE [36m304[0m 15.005 ms - -[0m
[2026-08-27T08:06:41.410Z] GET /api/employees?limit=1&status=ON_LEAVE
[0mGET /api/employees?limit=1&status=ON_LEAVE [36m304[0m 18.914 ms - -[0m
[2026-08-27T08:06:42.633Z] GET /api/employees?limit=1
[0mGET /api/employees?limit=1 [36m304[0m 18.729 ms - -[0m
[2026-08-27T08:06:42.686Z] GET /api/sites?limit=1
[0mGET /api/sites?limit=1 [36m304[0m 17.519 ms - -[0m
[2026-08-27T08:06:42.735Z] GET /api/employees?limit=1
[0mGET /api/employees?limit=1 [36m304[0m 20.095 ms - -[0m
[2026-08-27T08:06:42.777Z] GET /api/sites?limit=1
[0mGET /api/sites?limit=1 [36m304[0m 23.263 ms - -[0m
[2026-08-27T08:08:19.597Z] GET /api/employees?page=1&limit=20
[0mGET /api/employees?page=1&limit=20 [36m304[0m 30.814 ms - -[0m
[2026-08-27T08:08:19.684Z] GET /api/employees?page=1&limit=20
[2026-08-27T08:08:19.701Z] GET /api/employees?limit=1
[0mGET /api/employees?page=1&limit=20 [36m304[0m 34.739 ms - -[0m
[0mGET /api/employees?limit=1 [36m304[0m 27.618 ms - -[0m
[2026-08-27T08:08:19.766Z] GET /api/employees?limit=1
[2026-08-27T08:08:19.777Z] GET /api/employees?limit=1&category=GUARD
[0mGET /api/employees?limit=1 [36m304[0m 29.411 ms - -[0m
[0mGET /api/employees?limit=1&category=GUARD [36m304[0m 33.733 ms - -[0m
[2026-08-27T08:08:19.896Z] GET /api/employees?limit=1&category=GUARD
[0mGET /api/employees?limit=1&category=GUARD [36m304[0m 24.490 ms - -[0m
[2026-08-27T08:08:19.936Z] GET /api/employees?limit=1&category=OFFICE_STAFF
[0mGET /api/employees?limit=1&category=OFFICE_STAFF [36m304[0m 33.708 ms - -[0m
[2026-08-27T08:08:20.047Z] GET /api/employees?limit=1&category=OFFICE_STAFF
[0mGET /api/employees?limit=1&category=OFFICE_STAFF [36m304[0m 18.579 ms - -[0m
[2026-08-27T08:08:20.089Z] GET /api/employees?limit=1&status=ON_LEAVE
[0mGET /api/employees?limit=1&status=ON_LEAVE [36m304[0m 24.914 ms - -[0m
[2026-08-27T08:08:20.147Z] GET /api/employees?limit=1&status=ON_LEAVE
[0mGET /api/employees?limit=1&status=ON_LEAVE [36m304[0m 18.712 ms - -[0m
[2026-08-27T08:08:47.033Z] GET /api/api/payroll/periods
[0mGET /api/api/payroll/periods [33m404[0m 1.394 ms - 45[0m
[2026-08-27T08:08:47.087Z] GET /api/api/payroll/periods
[0mGET /api/api/payroll/periods [33m404[0m 1.309 ms - 45[0m
[2026-08-27T08:09:00.999Z] GET /api/employees?limit=1
[2026-08-27T08:09:01.012Z] GET /api/sites?limit=1
[0mGET /api/employees?limit=1 [36m304[0m 29.266 ms - -[0m
[0mGET /api/sites?limit=1 [36m304[0m 20.896 ms - -[0m
[2026-08-27T08:09:01.099Z] GET /api/employees?limit=1
[2026-08-27T08:09:01.113Z] GET /api/sites?limit=1
[0mGET /api/employees?limit=1 [36m304[0m 26.753 ms - -[0m
[0mGET /api/sites?limit=1 [36m304[0m 17.372 ms - -[0m
[2026-08-27T08:09:04.609Z] GET /api/employees?page=1&limit=20
[0mGET /api/employees?page=1&limit=20 [36m304[0m 37.220 ms - -[0m
[2026-08-27T08:09:04.677Z] GET /api/employees?page=1&limit=20
[0mGET /api/employees?page=1&limit=20 [36m304[0m 35.935 ms - -[0m
[2026-08-27T08:09:04.735Z] GET /api/employees?limit=1
[0mGET /api/employees?limit=1 [36m304[0m 26.825 ms - -[0m
[2026-08-27T08:09:04.797Z] GET /api/employees?limit=1
[0mGET /api/employees?limit=1 [36m304[0m 19.271 ms - -[0m
[2026-08-27T08:09:04.862Z] GET /api/employees?limit=1&category=GUARD
[0mGET /api/employees?limit=1&category=GUARD [36m304[0m 18.004 ms - -[0m
[2026-08-27T08:09:04.916Z] GET /api/employees?limit=1&category=GUARD
[2026-08-27T08:09:04.929Z] GET /api/employees?limit=1&category=OFFICE_STAFF
[0mGET /api/employees?limit=1&category=GUARD [36m304[0m 32.101 ms - -[0m
[0mGET /api/employees?limit=1&category=OFFICE_STAFF [36m304[0m 24.195 ms - -[0m
[2026-08-27T08:09:04.997Z] GET /api/employees?limit=1&category=OFFICE_STAFF
[0mGET /api/employees?limit=1&category=OFFICE_STAFF [36m304[0m 18.652 ms - -[0m
[2026-08-27T08:09:05.046Z] GET /api/employees?limit=1&status=ON_LEAVE
[0mGET /api/employees?limit=1&status=ON_LEAVE [36m304[0m 17.838 ms - -[0m
[2026-08-27T08:09:05.095Z] GET /api/employees?limit=1&status=ON_LEAVE
[0mGET /api/employees?limit=1&status=ON_LEAVE [36m304[0m 14.493 ms - -[0m
[2026-08-27T08:09:43.839Z] GET /api/employees?limit=1
[0mGET /api/employees?limit=1 [36m304[0m 13.438 ms - -[0m
[2026-08-27T08:09:43.866Z] GET /api/sites?limit=1
[2026-08-27T08:09:43.911Z] GET /api/employees?limit=1
[0mGET /api/employees?limit=1 [36m304[0m 20.511 ms - -[0m
[0mGET /api/sites?limit=1 [36m304[0m 134.632 ms - -[0m
[2026-08-27T08:09:44.061Z] GET /api/sites?limit=1
[0mGET /api/sites?limit=1 [36m304[0m 52.926 ms - -[0m
[2026-08-27T08:09:58.813Z] GET /api/employees?page=1&limit=20
[0mGET /api/employees?page=1&limit=20 [36m304[0m 36.673 ms - -[0m
[2026-08-27T08:09:58.905Z] GET /api/employees?page=1&limit=20
[0mGET /api/employees?page=1&limit=20 [36m304[0m 35.809 ms - -[0m
[2026-08-27T08:09:58.965Z] GET /api/employees?limit=1
[0mGET /api/employees?limit=1 [36m304[0m 38.679 ms - -[0m
[2026-08-27T08:09:59.064Z] GET /api/employees?limit=1
[0mGET /api/employees?limit=1 [36m304[0m 79.951 ms - -[0m
[2026-08-27T08:09:59.164Z] GET /api/employees?limit=1&category=GUARD
[0mGET /api/employees?limit=1&category=GUARD [36m304[0m 35.963 ms - -[0m
[2026-08-27T08:09:59.380Z] GET /api/employees?limit=1&category=GUARD
[0mGET /api/employees?limit=1&category=GUARD [36m304[0m 27.562 ms - -[0m
[2026-08-27T08:09:59.424Z] GET /api/employees?limit=1&category=OFFICE_STAFF
[0mGET /api/employees?limit=1&category=OFFICE_STAFF [36m304[0m 39.620 ms - -[0m
[2026-08-27T08:09:59.496Z] GET /api/employees?limit=1&category=OFFICE_STAFF
[2026-08-27T08:09:59.531Z] GET /api/employees?limit=1&status=ON_LEAVE
[0mGET /api/employees?limit=1&status=ON_LEAVE [36m304[0m 34.677 ms - -[0m
[0mGET /api/employees?limit=1&category=OFFICE_STAFF [36m304[0m 502.316 ms - -[0m
[2026-08-27T08:10:01.309Z] GET /api/employees?limit=1&status=ON_LEAVE
[0mGET /api/employees?limit=1&status=ON_LEAVE [36m304[0m 35.538 ms - -[0m
[2026-08-27T08:11:47.624Z] GET /api/employees?limit=1
[2026-08-27T08:11:47.642Z] GET /api/sites?limit=1
[0mGET /api/employees?limit=1 [36m304[0m 45.660 ms - -[0m
[0mGET /api/sites?limit=1 [36m304[0m 33.479 ms - -[0m
[2026-08-27T08:11:47.702Z] GET /api/employees?limit=1
[0mGET /api/employees?limit=1 [36m304[0m 17.101 ms - -[0m
[2026-08-27T08:11:47.750Z] GET /api/sites?limit=1
[0mGET /api/sites?limit=1 [36m304[0m 12.548 ms - -[0m
[2026-08-27T08:11:49.167Z] GET /api/employees?page=1&limit=20
[0mGET /api/employees?page=1&limit=20 [36m304[0m 29.390 ms - -[0m
[2026-08-27T08:11:49.253Z] GET /api/employees?page=1&limit=20
[0mGET /api/employees?page=1&limit=20 [36m304[0m 31.579 ms - -[0m
[2026-08-27T08:11:49.304Z] GET /api/employees?limit=1
[0mGET /api/employees?limit=1 [36m304[0m 20.788 ms - -[0m
[2026-08-27T08:11:49.352Z] GET /api/employees?limit=1
[0mGET /api/employees?limit=1 [36m304[0m 16.196 ms - -[0m
[2026-08-27T08:11:49.376Z] GET /api/employees?limit=1&category=GUARD
[0mGET /api/employees?limit=1&category=GUARD [36m304[0m 25.108 ms - -[0m
[2026-08-27T08:11:49.440Z] GET /api/employees?limit=1&category=GUARD
[2026-08-27T08:11:49.453Z] GET /api/employees?limit=1&category=OFFICE_STAFF
[0mGET /api/employees?limit=1&category=GUARD [36m304[0m 33.820 ms - -[0m
[0mGET /api/employees?limit=1&category=OFFICE_STAFF [36m304[0m 37.243 ms - -[0m
[2026-08-27T08:11:49.537Z] GET /api/employees?limit=1&category=OFFICE_STAFF
[2026-08-27T08:11:49.551Z] GET /api/employees?limit=1&status=ON_LEAVE
[0mGET /api/employees?limit=1&category=OFFICE_STAFF [36m304[0m 31.262 ms - -[0m
[0mGET /api/employees?limit=1&status=ON_LEAVE [36m304[0m 22.637 ms - -[0m
[2026-08-27T08:11:49.620Z] GET /api/employees?limit=1&status=ON_LEAVE
[0mGET /api/employees?limit=1&status=ON_LEAVE [36m304[0m 17.310 ms - -[0m
[2026-08-27T08:12:10.699Z] POST /api/auth/login
[0mPOST /api/auth/login [32m200[0m 634.438 ms - 566[0m
[2026-08-27T08:12:11.497Z] GET /api/employees?limit=1
[2026-08-27T08:12:11.505Z] GET /api/sites?limit=1
[0mGET /api/employees?limit=1 [36m304[0m 20.710 ms - -[0m
[0mGET /api/sites?limit=1 [36m304[0m 19.734 ms - -[0m
[2026-08-27T08:12:11.578Z] GET /api/employees?limit=1
[2026-08-27T08:12:11.597Z] GET /api/sites?limit=1
[0mGET /api/sites?limit=1 [36m304[0m 22.185 ms - -[0m
[0mGET /api/employees?limit=1 [36m304[0m 50.334 ms - -[0m
[2026-08-27T08:12:47.553Z] GET /api/employees?page=1&limit=20
[0mGET /api/employees?page=1&limit=20 [36m304[0m 29.052 ms - -[0m
[2026-08-27T08:12:47.617Z] GET /api/employees?page=1&limit=20
[0mGET /api/employees?page=1&limit=20 [36m304[0m 27.869 ms - -[0m
[2026-08-27T08:12:47.654Z] GET /api/employees?limit=1
[0mGET /api/employees?limit=1 [36m304[0m 24.472 ms - -[0m
[2026-08-27T08:12:47.706Z] GET /api/employees?limit=1
[2026-08-27T08:12:47.716Z] GET /api/employees?limit=1&category=GUARD
[0mGET /api/employees?limit=1 [36m304[0m 24.490 ms - -[0m
[0mGET /api/employees?limit=1&category=GUARD [36m304[0m 21.275 ms - -[0m
[2026-08-27T08:12:47.770Z] GET /api/employees?limit=1&category=GUARD
[2026-08-27T08:12:47.781Z] GET /api/employees?limit=1&category=OFFICE_STAFF
[0mGET /api/employees?limit=1&category=GUARD [36m304[0m 23.341 ms - -[0m
[0mGET /api/employees?limit=1&category=OFFICE_STAFF [36m304[0m 19.459 ms - -[0m
[2026-08-27T08:12:47.830Z] GET /api/employees?limit=1&category=OFFICE_STAFF
[0mGET /api/employees?limit=1&category=OFFICE_STAFF [36m304[0m 19.990 ms - -[0m
[2026-08-27T08:12:47.854Z] GET /api/employees?limit=1&status=ON_LEAVE
[0mGET /api/employees?limit=1&status=ON_LEAVE [36m304[0m 16.857 ms - -[0m
[2026-08-27T08:12:47.900Z] GET /api/employees?limit=1&status=ON_LEAVE
[0mGET /api/employees?limit=1&status=ON_LEAVE [36m304[0m 15.541 ms - -[0m
[2026-08-27T08:12:48.570Z] GET /api/api/payroll/periods
[0mGET /api/api/payroll/periods [33m404[0m 1.490 ms - 45[0m
[2026-08-27T08:12:48.684Z] GET /api/api/payroll/periods
[0mGET /api/api/payroll/periods [33m404[0m 3.709 ms - 45[0m
[2026-08-27T08:12:53.871Z] GET /api/employees?page=1&limit=20
[0mGET /api/employees?page=1&limit=20 [36m304[0m 26.251 ms - -[0m
[2026-08-27T08:12:53.951Z] GET /api/employees?page=1&limit=20
[0mGET /api/employees?page=1&limit=20 [36m304[0m 30.235 ms - -[0m
[2026-08-27T08:12:53.986Z] GET /api/employees?limit=1
[0mGET /api/employees?limit=1 [36m304[0m 15.260 ms - -[0m
[2026-08-27T08:12:54.049Z] GET /api/employees?limit=1&category=GUARD
[0mGET /api/employees?limit=1&category=GUARD [36m304[0m 18.184 ms - -[0m
[2026-08-27T08:12:54.082Z] GET /api/employees?limit=1
[2026-08-27T08:12:54.112Z] GET /api/employees?limit=1&category=OFFICE_STAFF
[0mGET /api/employees?limit=1 [36m304[0m 45.292 ms - -[0m
[0mGET /api/employees?limit=1&category=OFFICE_STAFF [36m304[0m 25.323 ms - -[0m
[2026-08-27T08:12:54.187Z] GET /api/employees?limit=1&category=GUARD
[0mGET /api/employees?limit=1&category=GUARD [36m304[0m 25.472 ms - -[0m
[2026-08-27T08:12:54.237Z] GET /api/employees?limit=1&status=ON_LEAVE
[0mGET /api/employees?limit=1&status=ON_LEAVE [36m304[0m 29.308 ms - -[0m
[2026-08-27T08:12:54.276Z] GET /api/employees?limit=1&category=OFFICE_STAFF
[0mGET /api/employees?limit=1&category=OFFICE_STAFF [36m304[0m 19.546 ms - -[0m
[2026-08-27T08:12:54.446Z] GET /api/employees?limit=1&status=ON_LEAVE
[0mGET /api/employees?limit=1&status=ON_LEAVE [36m304[0m 17.683 ms - -[0m
[2026-08-27T08:17:40.243Z] POST /api/employees
[0mPOST /api/employees [32m201[0m 23.520 ms - 646[0m
[2026-08-27T08:17:40.426Z] GET /api/employees?page=1&limit=20
[0mGET /api/employees?page=1&limit=20 [32m200[0m 24.167 ms - 10680[0m
[2026-08-27T08:17:40.482Z] GET /api/employees?page=1&limit=20
[2026-08-27T08:17:40.494Z] GET /api/employees?limit=1
[0mGET /api/employees?page=1&limit=20 [36m304[0m 32.017 ms - -[0m
[0mGET /api/employees?limit=1 [32m200[0m 25.133 ms - 711[0m
[2026-08-27T08:17:40.549Z] GET /api/employees?limit=1
[0mGET /api/employees?limit=1 [36m304[0m 15.152 ms - -[0m
[2026-08-27T08:17:40.568Z] GET /api/employees?limit=1&category=GUARD
[0mGET /api/employees?limit=1&category=GUARD [32m200[0m 27.544 ms - 711[0m
[2026-08-27T08:17:40.617Z] GET /api/employees?limit=1&category=GUARD
[2026-08-27T08:17:40.628Z] GET /api/employees?limit=1&category=OFFICE_STAFF
[0mGET /api/employees?limit=1&category=GUARD [36m304[0m 21.434 ms - -[0m
[0mGET /api/employees?limit=1&category=OFFICE_STAFF [36m304[0m 20.508 ms - -[0m
[2026-08-27T08:17:40.680Z] GET /api/employees?limit=1&category=OFFICE_STAFF
[2026-08-27T08:17:40.692Z] GET /api/employees?limit=1&status=ON_LEAVE
[0mGET /api/employees?limit=1&category=OFFICE_STAFF [36m304[0m 21.065 ms - -[0m
[0mGET /api/employees?limit=1&status=ON_LEAVE [36m304[0m 17.185 ms - -[0m
[2026-08-27T08:17:40.737Z] GET /api/employees?limit=1&status=ON_LEAVE
[0mGET /api/employees?limit=1&status=ON_LEAVE [36m304[0m 14.223 ms - -[0m
[2026-08-27T08:20:53.898Z] POST /api/employees
[0mPOST /api/employees [32m201[0m 67.424 ms - 674[0m
[2026-08-27T08:20:54.133Z] GET /api/employees?page=1&limit=20
[0mGET /api/employees?page=1&limit=20 [32m200[0m 20.718 ms - 10798[0m
[2026-08-27T08:20:54.172Z] GET /api/employees?page=1&limit=20
[0mGET /api/employees?page=1&limit=20 [36m304[0m 27.259 ms - -[0m
[2026-08-27T08:20:54.203Z] GET /api/employees?limit=1
[0mGET /api/employees?limit=1 [32m200[0m 26.969 ms - 739[0m
[2026-08-27T08:20:54.253Z] GET /api/employees?limit=1
[2026-08-27T08:20:54.265Z] GET /api/employees?limit=1&category=GUARD
[0mGET /api/employees?limit=1 [36m304[0m 29.098 ms - -[0m
[0mGET /api/employees?limit=1&category=GUARD [36m304[0m 23.827 ms - -[0m
[2026-08-27T08:20:54.322Z] GET /api/employees?limit=1&category=GUARD
[0mGET /api/employees?limit=1&category=GUARD [36m304[0m 16.553 ms - -[0m
[2026-08-27T08:20:54.347Z] GET /api/employees?limit=1&category=OFFICE_STAFF
[0mGET /api/employees?limit=1&category=OFFICE_STAFF [32m200[0m 22.375 ms - 737[0m
[2026-08-27T08:20:54.392Z] GET /api/employees?limit=1&category=OFFICE_STAFF
[0mGET /api/employees?limit=1&category=OFFICE_STAFF [36m304[0m 21.640 ms - -[0m
[2026-08-27T08:20:54.418Z] GET /api/employees?limit=1&status=ON_LEAVE
[0mGET /api/employees?limit=1&status=ON_LEAVE [36m304[0m 19.409 ms - -[0m
[2026-08-27T08:20:54.459Z] GET /api/employees?limit=1&status=ON_LEAVE
[0mGET /api/employees?limit=1&status=ON_LEAVE [36m304[0m 13.830 ms - -[0m
[2026-08-27T08:22:48.700Z] GET /api/sites
[0mGET /api/sites [36m304[0m 61.515 ms - -[0m
[2026-08-27T08:22:48.784Z] GET /api/sites
[0mGET /api/sites [36m304[0m 23.756 ms - -[0m
[2026-08-27T08:22:48.829Z] GET /api/sites
[0mGET /api/sites [36m304[0m 17.828 ms - -[0m
[2026-08-27T08:24:10.295Z] GET /api/sites
[0mGET /api/sites [36m304[0m 40.077 ms - -[0m
[2026-08-27T08:24:10.368Z] GET /api/sites
[0mGET /api/sites [36m304[0m 16.778 ms - -[0m
[2026-08-27T08:46:19.879Z] POST /api/auth/login
[0mPOST /api/auth/login [32m200[0m 648.241 ms - 571[0m
[2026-08-27T08:46:20.768Z] GET /api/sites?limit=1
[0mGET /api/sites?limit=1 [36m304[0m 26.361 ms - -[0m
[2026-08-27T08:46:20.795Z] GET /api/employees?limit=1
[0mGET /api/employees?limit=1 [36m304[0m 19.511 ms - -[0m
[2026-08-27T08:46:20.820Z] GET /api/sites?limit=1
[2026-08-27T08:46:20.842Z] GET /api/employees?limit=1
[0mGET /api/employees?limit=1 [36m304[0m 23.574 ms - -[0m
[0mGET /api/sites?limit=1 [36m304[0m 58.197 ms - -[0m
[2026-08-27T08:46:23.761Z] GET /api/guards
[2026-08-27T08:46:23.775Z] GET /api/sites
[0mGET /api/sites [36m304[0m 39.120 ms - -[0m
[2026-08-27T08:46:24.433Z] GET /api/sites
[0mGET /api/sites [36m304[0m 1281.945 ms - -[0m
[0mGET /api/guards [32m200[0m 4713.177 ms - 395381[0m
[2026-08-27T08:46:28.506Z] GET /api/guards
[0mGET /api/guards [36m304[0m 3343.158 ms - -[0m
[2026-08-27T08:46:42.810Z] GET /api/sites
[0mGET /api/sites [36m304[0m 48.072 ms - -[0m
[2026-08-27T08:46:42.886Z] GET /api/sites
[0mGET /api/sites [36m304[0m 27.707 ms - -[0m
[2026-08-27T08:46:42.960Z] GET /api/sites
[0mGET /api/sites [36m304[0m 19.542 ms - -[0m
[2026-08-27T08:46:52.860Z] POST /api/auth/login
[0mPOST /api/auth/login [32m200[0m 701.592 ms - 566[0m
[2026-08-27T08:46:53.724Z] GET /api/employees?limit=1
[0mGET /api/employees?limit=1 [36m304[0m 16.338 ms - -[0m
[2026-08-27T08:46:53.755Z] GET /api/sites?limit=1
[0mGET /api/sites?limit=1 [36m304[0m 17.456 ms - -[0m
[2026-08-27T08:46:53.785Z] GET /api/employees?limit=1
[0mGET /api/employees?limit=1 [36m304[0m 11.830 ms - -[0m
[2026-08-27T08:46:53.808Z] GET /api/sites?limit=1
[0mGET /api/sites?limit=1 [36m304[0m 17.791 ms - -[0m
[2026-08-27T08:46:56.095Z] GET /api/employees?page=1&limit=20
[0mGET /api/employees?page=1&limit=20 [36m304[0m 36.900 ms - -[0m
[2026-08-27T08:46:56.196Z] GET /api/employees?page=1&limit=20
[0mGET /api/employees?page=1&limit=20 [36m304[0m 30.592 ms - -[0m
[2026-08-27T08:46:56.235Z] GET /api/employees?limit=1
[0mGET /api/employees?limit=1 [36m304[0m 20.575 ms - -[0m
[2026-08-27T08:46:56.281Z] GET /api/employees?limit=1
[0mGET /api/employees?limit=1 [36m304[0m 15.430 ms - -[0m
[2026-08-27T08:46:56.304Z] GET /api/employees?limit=1&category=GUARD
[0mGET /api/employees?limit=1&category=GUARD [36m304[0m 22.290 ms - -[0m
[2026-08-27T08:46:56.355Z] GET /api/employees?limit=1&category=GUARD
[0mGET /api/employees?limit=1&category=GUARD [36m304[0m 26.405 ms - -[0m
[2026-08-27T08:46:56.419Z] GET /api/employees?limit=1&category=OFFICE_STAFF
[0mGET /api/employees?limit=1&category=OFFICE_STAFF [36m304[0m 24.045 ms - -[0m
[2026-08-27T08:46:56.481Z] GET /api/employees?limit=1&category=OFFICE_STAFF
[0mGET /api/employees?limit=1&category=OFFICE_STAFF [36m304[0m 17.647 ms - -[0m
[2026-08-27T08:46:56.530Z] GET /api/employees?limit=1&status=ON_LEAVE
[0mGET /api/employees?limit=1&status=ON_LEAVE [36m304[0m 12.616 ms - -[0m
[2026-08-27T08:46:56.562Z] GET /api/employees?limit=1&status=ON_LEAVE
[0mGET /api/employees?limit=1&status=ON_LEAVE [36m304[0m 14.495 ms - -[0m
[2026-08-27T08:47:00.411Z] GET /api/sites
[0mGET /api/sites [36m304[0m 32.984 ms - -[0m
[2026-08-27T08:47:00.791Z] GET /api/sites
[0mGET /api/sites [36m304[0m 34.561 ms - -[0m
[2026-08-27T08:47:01.709Z] GET /api/sites
[0mGET /api/sites [36m304[0m 88.427 ms - -[0m
[2026-08-27T08:47:02.897Z] GET /api/api/payroll/periods
[0mGET /api/api/payroll/periods [33m404[0m 11.349 ms - 45[0m
[2026-08-27T08:47:03.357Z] GET /api/api/payroll/periods
[0mGET /api/api/payroll/periods [33m404[0m 1.482 ms - 45[0m
[2026-08-27T08:54:14.817Z] GET /api/sites
[0mGET /api/sites [36m304[0m 34.505 ms - -[0m
[2026-08-27T08:54:14.876Z] GET /api/sites
[0mGET /api/sites [36m304[0m 29.508 ms - -[0m
[2026-08-27T08:54:14.968Z] GET /api/sites
[0mGET /api/sites [36m304[0m 19.844 ms - -[0m
[2026-08-27T08:56:45.905Z] GET /api/api/payroll/periods
[0mGET /api/api/payroll/periods [33m404[0m 2.200 ms - 45[0m
[2026-08-27T08:56:45.947Z] GET /api/api/payroll/periods
[0mGET /api/api/payroll/periods [33m404[0m 1.934 ms - 45[0m
[2026-08-27T08:56:52.904Z] GET /api/employees?page=1&limit=20
[0mGET /api/employees?page=1&limit=20 [36m304[0m 35.074 ms - -[0m
[2026-08-27T08:56:53.191Z] GET /api/employees?page=1&limit=20
[0mGET /api/employees?page=1&limit=20 [36m304[0m 26.332 ms - -[0m
[2026-08-27T08:56:53.375Z] GET /api/employees?limit=1
[0mGET /api/employees?limit=1 [36m304[0m 14.458 ms - -[0m
[2026-08-27T08:56:53.440Z] GET /api/employees?limit=1
[0mGET /api/employees?limit=1 [36m304[0m 15.411 ms - -[0m
[2026-08-27T08:56:53.775Z] GET /api/employees?limit=1&category=GUARD
[0mGET /api/employees?limit=1&category=GUARD [36m304[0m 14.957 ms - -[0m
[2026-08-27T08:56:54.160Z] GET /api/employees?limit=1&category=GUARD
[0mGET /api/employees?limit=1&category=GUARD [36m304[0m 15.728 ms - -[0m
[2026-08-27T08:56:54.358Z] GET /api/employees?limit=1&category=OFFICE_STAFF
[0mGET /api/employees?limit=1&category=OFFICE_STAFF [36m304[0m 14.022 ms - -[0m
[2026-08-27T08:56:54.634Z] GET /api/employees?limit=1&category=OFFICE_STAFF
[0mGET /api/employees?limit=1&category=OFFICE_STAFF [36m304[0m 21.350 ms - -[0m
[2026-08-27T08:56:54.686Z] GET /api/employees?limit=1&status=ON_LEAVE
[0mGET /api/employees?limit=1&status=ON_LEAVE [36m304[0m 9.397 ms - -[0m
[2026-08-27T08:56:54.868Z] GET /api/employees?limit=1&status=ON_LEAVE
[0mGET /api/employees?limit=1&status=ON_LEAVE [36m304[0m 20.329 ms - -[0m
[2026-08-27T08:56:59.845Z] GET /api/employees?limit=1
[2026-08-27T08:56:59.860Z] GET /api/sites?limit=1
[0mGET /api/employees?limit=1 [36m304[0m 29.806 ms - -[0m
[0mGET /api/sites?limit=1 [36m304[0m 28.574 ms - -[0m
[2026-08-27T08:57:00.227Z] GET /api/employees?limit=1
[2026-08-27T08:57:00.237Z] GET /api/sites?limit=1
[0mGET /api/employees?limit=1 [36m304[0m 19.838 ms - -[0m
[0mGET /api/sites?limit=1 [36m304[0m 14.412 ms - -[0m
[2026-08-27T08:57:02.927Z] GET /api/employees?page=1&limit=20
[0mGET /api/employees?page=1&limit=20 [36m304[0m 46.947 ms - -[0m
[2026-08-27T08:57:03.096Z] GET /api/employees?page=1&limit=20
[2026-08-27T08:57:03.129Z] GET /api/employees?limit=1
[0mGET /api/employees?page=1&limit=20 [36m304[0m 64.193 ms - -[0m
[0mGET /api/employees?limit=1 [36m304[0m 58.885 ms - -[0m
[2026-08-27T08:57:03.493Z] GET /api/employees?limit=1
[0mGET /api/employees?limit=1 [36m304[0m 14.653 ms - -[0m
[2026-08-27T08:57:03.524Z] GET /api/employees?limit=1&category=GUARD
[0mGET /api/employees?limit=1&category=GUARD [36m304[0m 69.320 ms - -[0m
[2026-08-27T08:57:03.795Z] GET /api/employees?limit=1&category=GUARD
[0mGET /api/employees?limit=1&category=GUARD [36m304[0m 14.382 ms - -[0m
[2026-08-27T08:57:03.826Z] GET /api/employees?limit=1&category=OFFICE_STAFF
[0mGET /api/employees?limit=1&category=OFFICE_STAFF [36m304[0m 62.290 ms - -[0m
[2026-08-27T08:57:04.177Z] GET /api/employees?limit=1&category=OFFICE_STAFF
[0mGET /api/employees?limit=1&category=OFFICE_STAFF [36m304[0m 14.437 ms - -[0m
[2026-08-27T08:57:04.276Z] GET /api/employees?limit=1&status=ON_LEAVE
[0mGET /api/employees?limit=1&status=ON_LEAVE [36m304[0m 29.161 ms - -[0m
[2026-08-27T08:57:04.625Z] GET /api/employees?limit=1&status=ON_LEAVE
[0mGET /api/employees?limit=1&status=ON_LEAVE [36m304[0m 40.030 ms - -[0m
[2026-08-27T08:59:31.814Z] GET /api/guards
[2026-08-27T08:59:31.825Z] GET /api/sites
[0mGET /api/sites [36m304[0m 23.874 ms - -[0m
[2026-08-27T08:59:31.903Z] GET /api/sites
[0mGET /api/sites [36m304[0m 40.535 ms - -[0m
[0mGET /api/guards [36m304[0m 4863.875 ms - -[0m
[2026-08-27T08:59:36.718Z] GET /api/guards
[0mGET /api/guards [36m304[0m 3417.362 ms - -[0m
[2026-08-27T09:00:16.218Z] POST /api/employees
[0mPOST /api/employees [31m500[0m 28.006 ms - 1010[0m
[2026-08-27T09:00:29.032Z] GET /api/employees?page=1&limit=20
[0mGET /api/employees?page=1&limit=20 [36m304[0m 32.138 ms - -[0m
[2026-08-27T09:00:29.179Z] GET /api/employees?page=1&limit=20
[0mGET /api/employees?page=1&limit=20 [36m304[0m 26.452 ms - -[0m
[2026-08-27T09:00:29.223Z] GET /api/employees?limit=1
[0mGET /api/employees?limit=1 [36m304[0m 20.454 ms - -[0m
[2026-08-27T09:00:29.296Z] GET /api/employees?limit=1
[0mGET /api/employees?limit=1 [36m304[0m 15.587 ms - -[0m
[2026-08-27T09:00:29.331Z] GET /api/employees?limit=1&category=GUARD
[0mGET /api/employees?limit=1&category=GUARD [36m304[0m 19.023 ms - -[0m
[2026-08-27T09:00:29.379Z] GET /api/employees?limit=1&category=GUARD
[2026-08-27T09:00:29.389Z] GET /api/employees?limit=1&category=OFFICE_STAFF
[0mGET /api/employees?limit=1&category=GUARD [36m304[0m 27.688 ms - -[0m
[0mGET /api/employees?limit=1&category=OFFICE_STAFF [36m304[0m 28.082 ms - -[0m
[2026-08-27T09:00:29.466Z] GET /api/employees?limit=1&category=OFFICE_STAFF
[2026-08-27T09:00:29.480Z] GET /api/employees?limit=1&status=ON_LEAVE
[0mGET /api/employees?limit=1&category=OFFICE_STAFF [36m304[0m 33.165 ms - -[0m
[0mGET /api/employees?limit=1&status=ON_LEAVE [36m304[0m 26.242 ms - -[0m
[2026-08-27T09:00:29.839Z] GET /api/employees?limit=1&status=ON_LEAVE
[0mGET /api/employees?limit=1&status=ON_LEAVE [36m304[0m 70.635 ms - -[0m
[2026-08-27T09:01:01.431Z] GET /api/employees?page=1&limit=20
[2026-08-27T09:01:01.449Z] GET /api/contracts?limit=200
[0mGET /api/employees?page=1&limit=20 [36m304[0m 64.128 ms - -[0m
[0mGET /api/contracts?limit=200 [36m304[0m 115.657 ms - -[0m
[2026-08-27T09:01:01.592Z] GET /api/employees?page=1&limit=20
[2026-08-27T09:01:01.605Z] GET /api/contracts?limit=200
[0mGET /api/employees?page=1&limit=20 [36m304[0m 37.018 ms - -[0m
[0mGET /api/contracts?limit=200 [36m304[0m 100.762 ms - -[0m
[2026-08-27T09:01:06.647Z] GET /api/employees?limit=200
[0mGET /api/employees?limit=200 [32m200[0m 216.263 ms - 104434[0m
[2026-08-27T09:01:06.889Z] GET /api/employees?limit=200
[2026-08-27T09:01:06.926Z] GET /api/contracts/employee/6a8ff3658eaf4aa7e6fb56f1
[0mGET /api/contracts/employee/6a8ff3658eaf4aa7e6fb56f1 [32m200[0m 21.615 ms - 28[0m
[0mGET /api/employees?limit=200 [36m304[0m 139.565 ms - -[0m
[2026-08-27T09:01:07.308Z] GET /api/contracts/employee/6a8ff3658eaf4aa7e6fb56f1
[0mGET /api/contracts/employee/6a8ff3658eaf4aa7e6fb56f1 [36m304[0m 11.998 ms - -[0m
[2026-08-27T09:02:50.542Z] POST /api/contracts
[0mPOST /api/contracts [32m201[0m 22.234 ms - 645[0m
[2026-08-27T09:02:50.750Z] GET /api/employees?page=1&limit=20
[0mGET /api/employees?page=1&limit=20 [36m304[0m 39.576 ms - -[0m
[2026-08-27T09:02:50.850Z] GET /api/employees?page=1&limit=20
[0mGET /api/employees?page=1&limit=20 [36m304[0m 28.116 ms - -[0m
[2026-08-27T09:02:50.917Z] GET /api/employees?limit=1
[0mGET /api/employees?limit=1 [36m304[0m 15.338 ms - -[0m
[2026-08-27T09:02:50.968Z] GET /api/employees?limit=1
[2026-08-27T09:02:50.978Z] GET /api/employees?limit=1&category=GUARD
[0mGET /api/employees?limit=1 [36m304[0m 22.120 ms - -[0m
[0mGET /api/employees?limit=1&category=GUARD [36m304[0m 24.263 ms - -[0m
[2026-08-27T09:02:51.074Z] GET /api/employees?limit=1&category=GUARD
[2026-08-27T09:02:51.084Z] GET /api/employees?limit=1&category=OFFICE_STAFF
[0mGET /api/employees?limit=1&category=GUARD [36m304[0m 23.650 ms - -[0m
[0mGET /api/employees?limit=1&category=OFFICE_STAFF [36m304[0m 20.848 ms - -[0m
[2026-08-27T09:02:51.137Z] GET /api/employees?limit=1&category=OFFICE_STAFF
[0mGET /api/employees?limit=1&category=OFFICE_STAFF [36m304[0m 16.153 ms - -[0m
[2026-08-27T09:02:51.157Z] GET /api/employees?limit=1&status=ON_LEAVE
[0mGET /api/employees?limit=1&status=ON_LEAVE [36m304[0m 28.169 ms - -[0m
[2026-08-27T09:02:51.206Z] GET /api/employees?limit=1&status=ON_LEAVE
[0mGET /api/employees?limit=1&status=ON_LEAVE [36m304[0m 14.648 ms - -[0m
[2026-08-27T09:02:56.625Z] GET /api/employees?page=1&limit=20
[0mGET /api/employees?page=1&limit=20 [36m304[0m 30.913 ms - -[0m
[2026-08-27T09:02:56.663Z] GET /api/contracts?limit=200
[0mGET /api/contracts?limit=200 [32m200[0m 26.053 ms - 3046[0m
[2026-08-27T09:02:56.696Z] GET /api/employees?page=1&limit=20
[0mGET /api/employees?page=1&limit=20 [36m304[0m 41.559 ms - -[0m
[2026-08-27T09:02:56.774Z] GET /api/contracts?limit=200
[0mGET /api/contracts?limit=200 [36m304[0m 57.339 ms - -[0m
[2026-08-27T09:03:07.440Z] GET /api/employees?limit=200
[0mGET /api/employees?limit=200 [36m304[0m 158.941 ms - -[0m
[2026-08-27T09:03:07.618Z] GET /api/employees?limit=200
[2026-08-27T09:03:07.664Z] GET /api/contracts/employee/6a8ff3658eaf4aa7e6fb56f1
[0mGET /api/contracts/employee/6a8ff3658eaf4aa7e6fb56f1 [32m200[0m 10.012 ms - 645[0m
[0mGET /api/employees?limit=200 [36m304[0m 226.719 ms - -[0m
[2026-08-27T09:03:07.890Z] GET /api/contracts/employee/6a8ff3658eaf4aa7e6fb56f1
[0mGET /api/contracts/employee/6a8ff3658eaf4aa7e6fb56f1 [36m304[0m 8.911 ms - -[0m
[2026-08-27T09:03:24.373Z] PUT /api/contracts/6a8ffd3a8eaf4aa7e6fb6410
[0mPUT /api/contracts/6a8ffd3a8eaf4aa7e6fb6410 [32m200[0m 29.472 ms - 645[0m
[2026-08-27T09:03:24.730Z] GET /api/employees?page=1&limit=20
[0mGET /api/employees?page=1&limit=20 [36m304[0m 34.504 ms - -[0m
[2026-08-27T09:03:24.821Z] GET /api/employees?page=1&limit=20
[0mGET /api/employees?page=1&limit=20 [36m304[0m 28.628 ms - -[0m
[2026-08-27T09:03:24.880Z] GET /api/employees?limit=1
[0mGET /api/employees?limit=1 [36m304[0m 15.481 ms - -[0m
[2026-08-27T09:03:24.946Z] GET /api/employees?limit=1
[0mGET /api/employees?limit=1 [36m304[0m 11.205 ms - -[0m
[2026-08-27T09:03:24.981Z] GET /api/employees?limit=1&category=GUARD
[0mGET /api/employees?limit=1&category=GUARD [36m304[0m 19.924 ms - -[0m
[2026-08-27T09:03:25.039Z] GET /api/employees?limit=1&category=GUARD
[0mGET /api/employees?limit=1&category=GUARD [36m304[0m 15.978 ms - -[0m
[2026-08-27T09:03:25.071Z] GET /api/employees?limit=1&category=OFFICE_STAFF
[0mGET /api/employees?limit=1&category=OFFICE_STAFF [36m304[0m 43.464 ms - -[0m
[2026-08-27T09:03:25.167Z] GET /api/employees?limit=1&category=OFFICE_STAFF
[2026-08-27T09:03:25.203Z] GET /api/employees?limit=1&status=ON_LEAVE
[0mGET /api/employees?limit=1&category=OFFICE_STAFF [36m304[0m 87.997 ms - -[0m
[0mGET /api/employees?limit=1&status=ON_LEAVE [36m304[0m 91.203 ms - -[0m
[2026-08-27T09:03:25.367Z] GET /api/employees?limit=1&status=ON_LEAVE
[0mGET /api/employees?limit=1&status=ON_LEAVE [36m304[0m 14.362 ms - -[0m
[2026-08-27T09:03:28.585Z] GET /api/employees?page=1&limit=20
[2026-08-27T09:03:28.602Z] GET /api/contracts?limit=200
[0mGET /api/employees?page=1&limit=20 [36m304[0m 51.977 ms - -[0m
[0mGET /api/contracts?limit=200 [32m200[0m 55.069 ms - 3046[0m
[2026-08-27T09:03:28.695Z] GET /api/employees?page=1&limit=20
[0mGET /api/employees?page=1&limit=20 [36m304[0m 21.780 ms - -[0m
[2026-08-27T09:03:28.778Z] GET /api/contracts?limit=200
[0mGET /api/contracts?limit=200 [36m304[0m 71.032 ms - -[0m
[2026-08-27T09:04:46.978Z] POST /api/auth/login
[0mPOST /api/auth/login [32m200[0m 622.170 ms - 566[0m
[2026-08-27T09:04:47.614Z] POST /api/auth/login
[0mPOST /api/auth/login [32m200[0m 612.915 ms - 592[0m
[2026-08-27T09:04:48.232Z] POST /api/auth/login
[0mPOST /api/auth/login [32m200[0m 614.219 ms - 579[0m
[2026-08-27T09:04:48.850Z] POST /api/auth/login
[0mPOST /api/auth/login [32m200[0m 616.848 ms - 571[0m
[2026-08-27T09:04:49.472Z] POST /api/auth/login
[0mPOST /api/auth/login [32m200[0m 613.289 ms - 560[0m
[2026-08-27T09:04:50.090Z] POST /api/employees
[0mPOST /api/employees [32m201[0m 14.372 ms - 537[0m
[2026-08-27T09:04:50.114Z] GET /api/employees/6a8ffdb28eaf4aa7e6fb6465
[0mGET /api/employees/6a8ffdb28eaf4aa7e6fb6465 [32m200[0m 8.004 ms - 537[0m
[2026-08-27T09:04:50.125Z] PUT /api/employees/6a8ffdb28eaf4aa7e6fb6465
[0mPUT /api/employees/6a8ffdb28eaf4aa7e6fb6465 [32m200[0m 12.517 ms - 546[0m
[2026-08-27T09:04:50.144Z] POST /api/sites
[0mPOST /api/sites [32m201[0m 12.786 ms - 399[0m
[2026-08-27T09:04:50.163Z] GET /api/sites/6a8ffdb28eaf4aa7e6fb646f
[0mGET /api/sites/6a8ffdb28eaf4aa7e6fb646f [32m200[0m 7.136 ms - 399[0m
[2026-08-27T09:04:50.173Z] PUT /api/sites/6a8ffdb28eaf4aa7e6fb646f
[0mPUT /api/sites/6a8ffdb28eaf4aa7e6fb646f [32m200[0m 11.443 ms - 402[0m
[2026-08-27T09:04:50.190Z] POST /api/guards/register
[0mPOST /api/guards/register [32m201[0m 632.417 ms - 644[0m
[2026-08-27T09:04:50.826Z] GET /api/guards/6a8ffdb28eaf4aa7e6fb647a
[0mGET /api/guards/6a8ffdb28eaf4aa7e6fb647a [32m200[0m 18.173 ms - 961[0m
[2026-08-27T09:04:50.848Z] POST /api/guards/register
[0mPOST /api/guards/register [31m500[0m 16.125 ms - 778[0m
[2026-08-27T09:04:50.866Z] GET /api/employees
[0mGET /api/employees [32m200[0m 15.334 ms - 10795[0m
[2026-08-27T09:04:50.885Z] POST /api/guards/assign-site
[0mPOST /api/guards/assign-site [32m201[0m 22.006 ms - 342[0m
[2026-08-27T09:04:50.912Z] POST /api/attendance/clock-in
[0mPOST /api/attendance/clock-in [32m201[0m 31.746 ms - 413[0m
[2026-08-27T09:04:50.947Z] POST /api/attendance/clock-out/6a8ffdb28eaf4aa7e6fb647a
[0mPOST /api/attendance/clock-out/6a8ffdb28eaf4aa7e6fb647a [32m200[0m 19.029 ms - 473[0m
[2026-08-27T09:04:50.969Z] PUT /api/attendance/6a8ffdb28eaf4aa7e6fb6496/edit
[0mPUT /api/attendance/6a8ffdb28eaf4aa7e6fb6496/edit [32m200[0m 20.560 ms - 529[0m
[2026-08-27T09:04:50.993Z] GET /api/audit-logs?entity=AttendanceRecord&limit=5
[0mGET /api/audit-logs?entity=AttendanceRecord&limit=5 [32m200[0m 17.821 ms - 3584[0m
[2026-08-27T09:04:51.015Z] POST /api/staff-attendance/unlock
[0mPOST /api/staff-attendance/unlock [32m200[0m 15.471 ms - 278[0m
[2026-08-27T09:04:51.035Z] POST /api/staff-attendance/day
[0mPOST /api/staff-attendance/day [32m201[0m 16.249 ms - 345[0m
[2026-08-27T09:04:51.055Z] GET /api/staff-attendance/grid?year=2028&month=3
[0mGET /api/staff-attendance/grid?year=2028&month=3 [32m200[0m 59.875 ms - 164549[0m
[2026-08-27T09:04:51.123Z] GET /api/staff-attendance/summary?year=2028&month=3
[0mGET /api/staff-attendance/summary?year=2028&month=3 [32m200[0m 80.709 ms - 58155[0m
[2026-08-27T09:04:51.208Z] POST /api/finance/periods
[0mPOST /api/finance/periods [33m409[0m 8.811 ms - 584[0m
[2026-08-27T09:04:51.220Z] GET /api/finance/periods
[0mGET /api/finance/periods [32m200[0m 10.527 ms - 7460[0m
[2026-08-27T09:04:51.234Z] PUT /api/finance/rates/6a83038f91e65df0d84d3963
[0mPUT /api/finance/rates/6a83038f91e65df0d84d3963 [32m200[0m 14.622 ms - 272[0m
[2026-08-27T09:04:51.253Z] GET /api/finance/rates/6a83038f91e65df0d84d3963
[0mGET /api/finance/rates/6a83038f91e65df0d84d3963 [32m200[0m 6.619 ms - 272[0m
[2026-08-27T09:04:51.263Z] POST /api/guard-payroll/generate/6a83038f91e65df0d84d3963
[0mPOST /api/guard-payroll/generate/6a83038f91e65df0d84d3963 [32m201[0m 1154.669 ms - 4809[0m
[2026-08-27T09:04:52.423Z] POST /api/guard-payroll/6a8ffdb48eaf4aa7e6fb65b2/submit
[0mPOST /api/guard-payroll/6a8ffdb48eaf4aa7e6fb65b2/submit [32m200[0m 20.816 ms - 707[0m
[2026-08-27T09:04:52.448Z] PUT /api/guard-payroll/6a8ffdb48eaf4aa7e6fb65b2/rates
[0mPUT /api/guard-payroll/6a8ffdb48eaf4aa7e6fb65b2/rates [32m200[0m 12.458 ms - 796[0m
[2026-08-27T09:04:52.465Z] POST /api/guard-payroll/6a8ffdb48eaf4aa7e6fb65b2/calculate
[0mPOST /api/guard-payroll/6a8ffdb48eaf4aa7e6fb65b2/calculate [32m200[0m 33.656 ms - 1715[0m
[2026-08-27T09:04:52.503Z] POST /api/guard-payroll/6a8ffdb48eaf4aa7e6fb65b2/check
[0mPOST /api/guard-payroll/6a8ffdb48eaf4aa7e6fb65b2/check [32m200[0m 22.330 ms - 932[0m
[2026-08-27T09:04:52.530Z] POST /api/guard-payroll/6a8ffdb48eaf4aa7e6fb65b2/approve
[0mPOST /api/guard-payroll/6a8ffdb48eaf4aa7e6fb65b2/approve [32m200[0m 14.384 ms - 1013[0m
[2026-08-27T09:04:52.549Z] POST /api/guard-payroll/6a8ffdb48eaf4aa7e6fb65b2/pay
[0mPOST /api/guard-payroll/6a8ffdb48eaf4aa7e6fb65b2/pay [32m200[0m 28.753 ms - 1185[0m
[2026-08-27T09:04:52.581Z] GET /api/guard-payroll/6a8ffdb48eaf4aa7e6fb65b2
[0mGET /api/guard-payroll/6a8ffdb48eaf4aa7e6fb65b2 [32m200[0m 18.099 ms - 2271[0m
[2026-08-27T09:04:52.603Z] POST /api/staff-attendance/lock
[0mPOST /api/staff-attendance/lock [32m200[0m 11.369 ms - 280[0m
[2026-08-27T09:04:52.619Z] POST /api/office-payroll/generate/6a83038f91e65df0d84d3963
[0mPOST /api/office-payroll/generate/6a83038f91e65df0d84d3963 [32m201[0m 521.073 ms - 1690[0m
[2026-08-27T09:04:53.144Z] GET /api/office-payroll?payrollPeriodId=6a83038f91e65df0d84d3963
[0mGET /api/office-payroll?payrollPeriodId=6a83038f91e65df0d84d3963 [32m200[0m 49.097 ms - 28264[0m
[2026-08-27T09:04:53.198Z] PUT /api/office-payroll/6a8ffdb58eaf4aa7e6fb6685/salary
[0mPUT /api/office-payroll/6a8ffdb58eaf4aa7e6fb6685/salary [32m200[0m 26.781 ms - 597[0m
[2026-08-27T09:04:53.229Z] POST /api/office-payroll/6a8ffdb58eaf4aa7e6fb6685/calculate
[0mPOST /api/office-payroll/6a8ffdb58eaf4aa7e6fb6685/calculate [32m200[0m 44.512 ms - 1211[0m
[2026-08-27T09:04:53.278Z] POST /api/office-payroll/6a8ffdb58eaf4aa7e6fb6685/submit
[0mPOST /api/office-payroll/6a8ffdb58eaf4aa7e6fb6685/submit [32m200[0m 18.058 ms - 796[0m
[2026-08-27T09:04:53.300Z] POST /api/office-payroll/6a8ffdb58eaf4aa7e6fb6685/check
[0mPOST /api/office-payroll/6a8ffdb58eaf4aa7e6fb6685/check [32m200[0m 24.912 ms - 872[0m
[2026-08-27T09:04:53.330Z] POST /api/office-payroll/6a8ffdb58eaf4aa7e6fb6685/approve
[0mPOST /api/office-payroll/6a8ffdb58eaf4aa7e6fb6685/approve [32m200[0m 21.550 ms - 953[0m
[2026-08-27T09:04:53.356Z] POST /api/office-payroll/6a8ffdb58eaf4aa7e6fb6685/pay
[0mPOST /api/office-payroll/6a8ffdb58eaf4aa7e6fb6685/pay [32m200[0m 32.081 ms - 1094[0m
[2026-08-27T09:04:53.392Z] GET /api/office-payroll/6a8ffdb58eaf4aa7e6fb6685
[0mGET /api/office-payroll/6a8ffdb58eaf4aa7e6fb6685 [32m200[0m 16.905 ms - 1820[0m
[2026-08-27T09:04:53.412Z] POST /api/employees
[0mPOST /api/employees [32m201[0m 17.429 ms - 420[0m
[2026-08-27T09:04:53.434Z] POST /api/finance/periods
[0mPOST /api/finance/periods [33m403[0m 6.476 ms - 1353[0m
[2026-08-27T09:04:53.445Z] POST /api/employees
[0mPOST /api/employees [33m403[0m 5.215 ms - 1353[0m
[2026-08-27T09:04:53.453Z] GET /api/guard-payroll
[0mGET /api/guard-payroll [32m200[0m 53.161 ms - 34933[0m
[2026-08-27T09:04:53.510Z] GET /api/audit-logs
[0mGET /api/audit-logs [32m200[0m 29.728 ms - 12420[0m
[2026-08-27T09:04:53.544Z] POST /api/finance/periods
[0mPOST /api/finance/periods [33m403[0m 6.088 ms - 1353[0m
[2026-08-27T09:04:53.553Z] GET /api/finance/periods
[0mGET /api/finance/periods [32m200[0m 13.164 ms - 7462[0m
[2026-08-27T09:04:53.570Z] POST /api/auth/login
[0mPOST /api/auth/login [32m200[0m 641.427 ms - 618[0m
[2026-08-27T09:04:54.215Z] POST /api/attendance/clock-in
[0mPOST /api/attendance/clock-in [32m201[0m 26.662 ms - 413[0m
[2026-08-27T09:04:54.244Z] POST /api/employees
[0mPOST /api/employees [33m403[0m 4.586 ms - 1353[0m
[2026-08-27T09:04:54.251Z] GET /api/finance/periods
[0mGET /api/finance/periods [33m403[0m 4.575 ms - 1353[0m
[2026-08-27T09:04:54.258Z] DELETE /api/employees/6a8ffdb28eaf4aa7e6fb6465
[0mDELETE /api/employees/6a8ffdb28eaf4aa7e6fb6465 [33m403[0m 4.230 ms - 1367[0m
[2026-08-27T09:04:54.264Z] DELETE /api/employees/6a8ffdb58eaf4aa7e6fb66bd
[0mDELETE /api/employees/6a8ffdb58eaf4aa7e6fb66bd [33m403[0m 4.310 ms - 1367[0m
[2026-08-27T09:04:54.272Z] POST /api/guards/register
[0mPOST /api/guards/register [32m201[0m 632.080 ms - 639[0m
[2026-08-27T09:04:54.908Z] POST /api/guards/register
[0mPOST /api/guards/register [32m201[0m 636.412 ms - 639[0m
[2026-08-27T09:04:55.552Z] POST /api/guards/assign-site
[0mPOST /api/guards/assign-site [32m201[0m 74.885 ms - 342[0m
[2026-08-27T09:04:55.631Z] POST /api/guards/assign-site
[0mPOST /api/guards/assign-site [32m201[0m 22.474 ms - 342[0m
[2026-08-27T09:04:55.658Z] POST /api/guards/assign-site
[0mPOST /api/guards/assign-site [33m403[0m 4.633 ms - 1353[0m
[2026-08-27T09:04:55.666Z] POST /api/guards/register
[0mPOST /api/guards/register [32m201[0m 646.877 ms - 637[0m
[2026-08-27T09:04:56.318Z] POST /api/guards/register
[0mPOST /api/guards/register [32m201[0m 636.830 ms - 637[0m
[2026-08-27T09:04:56.959Z] POST /api/guards/register
[0mPOST /api/guards/register [32m201[0m 625.740 ms - 637[0m
[2026-08-27T09:04:57.590Z] POST /api/auth/login
[0mPOST /api/auth/login [32m200[0m 614.360 ms - 613[0m
[2026-08-27T09:04:58.208Z] POST /api/auth/login
[0mPOST /api/auth/login [32m200[0m 636.257 ms - 613[0m
[2026-08-27T09:04:58.848Z] POST /api/auth/login
[0mPOST /api/auth/login [32m200[0m 650.649 ms - 613[0m
[2026-08-27T09:04:59.503Z] POST /api/sites
[0mPOST /api/sites [32m201[0m 12.012 ms - 406[0m
[2026-08-27T09:04:59.520Z] POST /api/guards/assign-site
[0mPOST /api/guards/assign-site [32m201[0m 21.831 ms - 342[0m
[2026-08-27T09:04:59.546Z] POST /api/attendance/clock-in
[0mPOST /api/attendance/clock-in [32m201[0m 34.339 ms - 413[0m
[2026-08-27T09:04:59.583Z] POST /api/attendance/clock-out/6a8ffdb78eaf4aa7e6fb66fa
[0mPOST /api/attendance/clock-out/6a8ffdb78eaf4aa7e6fb66fa [32m200[0m 22.194 ms - 473[0m
[2026-08-27T09:04:59.609Z] POST /api/guards/assign-site
[0mPOST /api/guards/assign-site [32m201[0m 22.890 ms - 342[0m
[2026-08-27T09:04:59.636Z] GET /api/attendance/on-duty/6a8ffdbb8eaf4aa7e6fb671d
[0mGET /api/attendance/on-duty/6a8ffdbb8eaf4aa7e6fb671d [32m200[0m 7.758 ms - 26[0m
[2026-08-27T09:04:59.646Z] POST /api/attendance/clock-in
[0mPOST /api/attendance/clock-in [32m201[0m 40.648 ms - 413[0m
[2026-08-27T09:04:59.690Z] POST /api/attendance/clock-out/6a8ffdb88eaf4aa7e6fb6704
[0mPOST /api/attendance/clock-out/6a8ffdb88eaf4aa7e6fb6704 [32m200[0m 31.190 ms - 473[0m
[2026-08-27T09:04:59.724Z] POST /api/sites
[0mPOST /api/sites [32m201[0m 14.074 ms - 407[0m
[2026-08-27T09:04:59.742Z] POST /api/guards/assign-site
[0mPOST /api/guards/assign-site [32m201[0m 34.844 ms - 342[0m
[2026-08-27T09:04:59.782Z] POST /api/guards/assign-site
[0mPOST /api/guards/assign-site [32m201[0m 51.741 ms - 342[0m
[2026-08-27T09:04:59.838Z] POST /api/guards/assign-site
[0mPOST /api/guards/assign-site [32m201[0m 24.876 ms - 342[0m
[2026-08-27T09:04:59.867Z] GET /api/attendance/on-duty/6a8ffdbb8eaf4aa7e6fb6751
[0mGET /api/attendance/on-duty/6a8ffdbb8eaf4aa7e6fb6751 [32m200[0m 8.123 ms - 26[0m
[2026-08-27T09:04:59.878Z] POST /api/attendance/clock-in
[0mPOST /api/attendance/clock-in [32m201[0m 53.223 ms - 413[0m
[2026-08-27T09:04:59.934Z] GET /api/attendance/on-duty/6a8ffdbb8eaf4aa7e6fb6751
[0mGET /api/attendance/on-duty/6a8ffdbb8eaf4aa7e6fb6751 [32m200[0m 8.790 ms - 52[0m
[2026-08-27T09:04:59.945Z] POST /api/attendance/clock-in
[0mPOST /api/attendance/clock-in [32m201[0m 31.311 ms - 413[0m
[2026-08-27T09:04:59.979Z] GET /api/attendance/on-duty/6a8ffdbb8eaf4aa7e6fb6751
[0mGET /api/attendance/on-duty/6a8ffdbb8eaf4aa7e6fb6751 [32m200[0m 8.922 ms - 79[0m
[2026-08-27T09:04:59.991Z] POST /api/attendance/clock-in
[0mPOST /api/attendance/clock-in [32m201[0m 30.400 ms - 413[0m
[2026-08-27T09:05:00.024Z] GET /api/attendance/active/6a8ffdb78eaf4aa7e6fb66fa
[0mGET /api/attendance/active/6a8ffdb78eaf4aa7e6fb66fa [32m200[0m 23.333 ms - 770[0m
[2026-08-27T09:05:00.051Z] POST /api/attendance/clock-in
[0mPOST /api/attendance/clock-in [33m409[0m 24.732 ms - 654[0m
[2026-08-27T09:05:00.079Z] POST /api/attendance/clock-out/6a8ffdb78eaf4aa7e6fb66fa
[0mPOST /api/attendance/clock-out/6a8ffdb78eaf4aa7e6fb66fa [32m200[0m 37.723 ms - 516[0m
[2026-08-27T09:05:00.120Z] GET /api/attendance/recent/6a8ffdb78eaf4aa7e6fb66fa?days=1
[0mGET /api/attendance/recent/6a8ffdb78eaf4aa7e6fb66fa?days=1 [32m200[0m 14.710 ms - 1681[0m
[2026-08-27T09:05:00.138Z] POST /api/attendance/clock-in
[0mPOST /api/attendance/clock-in [33m409[0m 9.043 ms - 654[0m
[2026-08-27T09:05:00.149Z] GET /api/attendance/coverage-alerts/6a8ffdbb8eaf4aa7e6fb6751
[0mGET /api/attendance/coverage-alerts/6a8ffdbb8eaf4aa7e6fb6751 [32m200[0m 12.006 ms - 90[0m
[2026-08-27T09:05:00.164Z] GET /api/attendance/active/6a8ffdb88eaf4aa7e6fb6704
[0mGET /api/attendance/active/6a8ffdb88eaf4aa7e6fb6704 [32m200[0m 12.598 ms - 770[0m
[2026-08-27T09:05:00.180Z] POST /api/attendance/override-clockout/6a8ffdbb8eaf4aa7e6fb677d
[0mPOST /api/attendance/override-clockout/6a8ffdbb8eaf4aa7e6fb677d [32m200[0m 60.763 ms - 549[0m
[2026-08-27T09:05:00.243Z] POST /api/sites
[0mPOST /api/sites [32m201[0m 10.809 ms - 391[0m
[2026-08-27T09:05:00.259Z] POST /api/guards/register
[0mPOST /api/guards/register [32m201[0m 632.207 ms - 632[0m
[2026-08-27T09:05:00.896Z] POST /api/auth/login
[0mPOST /api/auth/login [32m200[0m 613.298 ms - 612[0m
[2026-08-27T09:05:01.512Z] POST /api/attendance/clock-in
[0mPOST /api/attendance/clock-in [32m201[0m 47.505 ms - 413[0m
[2026-08-27T09:05:01.562Z] GET /api/attendance/active/6a8ffdbc8eaf4aa7e6fb67ad
[0mGET /api/attendance/active/6a8ffdbc8eaf4aa7e6fb67ad [32m200[0m 13.068 ms - 754[0m
[2026-08-27T09:05:01.578Z] POST /api/attendance/override-clockout/6a8ffdbd8eaf4aa7e6fb67ba
[0mPOST /api/attendance/override-clockout/6a8ffdbd8eaf4aa7e6fb67ba [33m403[0m 4.662 ms - 1367[0m
[2026-08-27T09:05:01.586Z] POST /api/attendance/override-clockout/6a8ffdbd8eaf4aa7e6fb67ba
[0mPOST /api/attendance/override-clockout/6a8ffdbd8eaf4aa7e6fb67ba [32m200[0m 21.539 ms - 549[0m
[2026-08-27T09:05:01.610Z] GET /api/attendance/on-duty/6a8ffdbb8eaf4aa7e6fb6751
[0mGET /api/attendance/on-duty/6a8ffdbb8eaf4aa7e6fb6751 [32m200[0m 6.767 ms - 52[0m
[2026-08-27T09:05:01.619Z] GET /api/attendance/active/6a8ffdb88eaf4aa7e6fb670e
[0mGET /api/attendance/active/6a8ffdb88eaf4aa7e6fb670e [32m200[0m 10.317 ms - 770[0m
[2026-08-27T09:05:01.632Z] POST /api/attendance/clock-out/6a8ffdb88eaf4aa7e6fb670e
[0mPOST /api/attendance/clock-out/6a8ffdb88eaf4aa7e6fb670e [32m200[0m 19.925 ms - 471[0m
[2026-08-27T09:05:01.655Z] POST /api/guards/assign-site
[0mPOST /api/guards/assign-site [32m201[0m 25.838 ms - 342[0m
[2026-08-27T09:05:01.686Z] POST /api/attendance/clock-in
[0mPOST /api/attendance/clock-in [32m201[0m 23.700 ms - 413[0m
[2026-08-27T09:05:01.712Z] POST /api/attendance/clock-out/6a8ffdb88eaf4aa7e6fb670e
[0mPOST /api/attendance/clock-out/6a8ffdb88eaf4aa7e6fb670e [32m200[0m 17.350 ms - 473[0m
[2026-08-27T09:05:01.732Z] POST /api/sites
[0mPOST /api/sites [32m201[0m 10.561 ms - 403[0m
[2026-08-27T09:05:01.746Z] POST /api/guards/register
[0mPOST /api/guards/register [32m201[0m 627.276 ms - 633[0m
[2026-08-27T09:05:02.378Z] POST /api/guards/register
[0mPOST /api/guards/register [32m201[0m 626.128 ms - 629[0m
[2026-08-27T09:05:03.008Z] POST /api/auth/login
[0mPOST /api/auth/login [32m200[0m 664.039 ms - 612[0m
[2026-08-27T09:05:03.675Z] POST /api/auth/login
[0mPOST /api/auth/login [32m200[0m 611.119 ms - 609[0m
[2026-08-27T09:05:04.289Z] POST /api/guards/assign-site
[0mPOST /api/guards/assign-site [32m201[0m 34.935 ms - 342[0m
[2026-08-27T09:05:04.329Z] POST /api/attendance/clock-in
[0mPOST /api/attendance/clock-in [32m201[0m 26.899 ms - 413[0m
[2026-08-27T09:05:04.358Z] POST /api/attendance/clock-out/6a8ffdbe8eaf4aa7e6fb67f9
[0mPOST /api/attendance/clock-out/6a8ffdbe8eaf4aa7e6fb67f9 [32m200[0m 17.451 ms - 517[0m
[2026-08-27T09:05:04.379Z] POST /api/guards/assign-site
[0mPOST /api/guards/assign-site [32m201[0m 18.718 ms - 342[0m
[2026-08-27T09:05:04.402Z] POST /api/attendance/clock-in
[0mPOST /api/attendance/clock-in [33m400[0m 11.153 ms - 734[0m
[2026-08-27T09:05:04.416Z] POST /api/sites
[0mPOST /api/sites [32m201[0m 10.456 ms - 394[0m
[2026-08-27T09:05:04.430Z] POST /api/attendance/clock-in
[0mPOST /api/attendance/clock-in [32m201[0m 25.347 ms - 413[0m
[2026-08-27T09:05:04.458Z] POST /api/attendance/clock-out/6a8ffdbd8eaf4aa7e6fb67ef
[0mPOST /api/attendance/clock-out/6a8ffdbd8eaf4aa7e6fb67ef [32m200[0m 14.739 ms - 473[0m
[2026-08-27T09:05:04.476Z] GET /api/employees?limit=1
[0mGET /api/employees?limit=1 [32m200[0m 9.932 ms - 615[0m
[2026-08-27T09:05:04.488Z] GET /api/sites?limit=1
[0mGET /api/sites?limit=1 [32m200[0m 8.479 ms - 459[0m
[2026-08-27T09:05:37.360Z] POST /api/auth/login
[0mPOST /api/auth/login [32m200[0m 613.790 ms - 566[0m
[2026-08-27T09:05:37.989Z] POST /api/auth/login
[0mPOST /api/auth/login [32m200[0m 613.810 ms - 592[0m
[2026-08-27T09:05:38.608Z] POST /api/auth/login
[0mPOST /api/auth/login [32m200[0m 612.125 ms - 579[0m
[2026-08-27T09:05:39.224Z] POST /api/auth/login
[0mPOST /api/auth/login [32m200[0m 635.883 ms - 571[0m
[2026-08-27T09:05:39.864Z] POST /api/auth/login
[0mPOST /api/auth/login [32m200[0m 628.349 ms - 560[0m
[2026-08-27T09:05:40.497Z] POST /api/employees
[0mPOST /api/employees [32m201[0m 11.527 ms - 537[0m
[2026-08-27T09:05:40.513Z] GET /api/employees/6a8ffde48eaf4aa7e6fb6845
[0mGET /api/employees/6a8ffde48eaf4aa7e6fb6845 [32m200[0m 8.626 ms - 537[0m
[2026-08-27T09:05:40.525Z] PUT /api/employees/6a8ffde48eaf4aa7e6fb6845
[0mPUT /api/employees/6a8ffde48eaf4aa7e6fb6845 [32m200[0m 12.017 ms - 546[0m
[2026-08-27T09:05:40.543Z] POST /api/sites
[0mPOST /api/sites [32m201[0m 10.720 ms - 399[0m
[2026-08-27T09:05:40.560Z] GET /api/sites/6a8ffde48eaf4aa7e6fb684f
[0mGET /api/sites/6a8ffde48eaf4aa7e6fb684f [32m200[0m 6.702 ms - 399[0m
[2026-08-27T09:05:40.570Z] PUT /api/sites/6a8ffde48eaf4aa7e6fb684f
[0mPUT /api/sites/6a8ffde48eaf4aa7e6fb684f [32m200[0m 11.121 ms - 402[0m
[2026-08-27T09:05:40.586Z] POST /api/guards/register
[0mPOST /api/guards/register [32m201[0m 622.967 ms - 644[0m
[2026-08-27T09:05:41.213Z] GET /api/guards/6a8ffde48eaf4aa7e6fb685a
[0mGET /api/guards/6a8ffde48eaf4aa7e6fb685a [32m200[0m 20.068 ms - 961[0m
[2026-08-27T09:05:41.236Z] POST /api/guards/register
[0mPOST /api/guards/register [31m500[0m 13.678 ms - 778[0m
[2026-08-27T09:05:41.252Z] GET /api/employees
[0mGET /api/employees [32m200[0m 15.456 ms - 10795[0m
[2026-08-27T09:05:41.272Z] POST /api/guards/assign-site
[0mPOST /api/guards/assign-site [32m201[0m 21.468 ms - 342[0m
[2026-08-27T09:05:41.298Z] POST /api/attendance/clock-in
[0mPOST /api/attendance/clock-in [32m201[0m 24.522 ms - 413[0m
[2026-08-27T09:05:41.325Z] POST /api/attendance/clock-out/6a8ffde48eaf4aa7e6fb685a
[0mPOST /api/attendance/clock-out/6a8ffde48eaf4aa7e6fb685a [32m200[0m 15.107 ms - 473[0m
[2026-08-27T09:05:41.343Z] PUT /api/attendance/6a8ffde58eaf4aa7e6fb6876/edit
[0mPUT /api/attendance/6a8ffde58eaf4aa7e6fb6876/edit [32m200[0m 17.199 ms - 529[0m
[2026-08-27T09:05:41.364Z] GET /api/audit-logs?entity=AttendanceRecord&limit=5
[0mGET /api/audit-logs?entity=AttendanceRecord&limit=5 [32m200[0m 15.624 ms - 3584[0m
[2026-08-27T09:05:41.383Z] POST /api/staff-attendance/unlock
[0mPOST /api/staff-attendance/unlock [32m200[0m 12.663 ms - 278[0m
[2026-08-27T09:05:41.401Z] POST /api/staff-attendance/day
[0mPOST /api/staff-attendance/day [32m201[0m 18.709 ms - 345[0m
[2026-08-27T09:05:41.424Z] GET /api/staff-attendance/grid?year=2028&month=3
[0mGET /api/staff-attendance/grid?year=2028&month=3 [32m200[0m 72.806 ms - 168150[0m
[2026-08-27T09:05:41.504Z] GET /api/staff-attendance/summary?year=2028&month=3
[0mGET /api/staff-attendance/summary?year=2028&month=3 [32m200[0m 37.228 ms - 59413[0m
[2026-08-27T09:05:41.546Z] POST /api/finance/periods
[0mPOST /api/finance/periods [33m409[0m 8.586 ms - 584[0m
[2026-08-27T09:05:41.557Z] GET /api/finance/periods
[0mGET /api/finance/periods [32m200[0m 12.724 ms - 7460[0m
[2026-08-27T09:05:41.573Z] PUT /api/finance/rates/6a83038f91e65df0d84d3963
[0mPUT /api/finance/rates/6a83038f91e65df0d84d3963 [32m200[0m 13.480 ms - 272[0m
[2026-08-27T09:05:41.590Z] GET /api/finance/rates/6a83038f91e65df0d84d3963
[0mGET /api/finance/rates/6a83038f91e65df0d84d3963 [32m200[0m 7.097 ms - 272[0m
[2026-08-27T09:05:41.601Z] POST /api/guard-payroll/generate/6a83038f91e65df0d84d3963
[0mPOST /api/guard-payroll/generate/6a83038f91e65df0d84d3963 [32m201[0m 1112.856 ms - 4809[0m
[2026-08-27T09:05:42.719Z] POST /api/guard-payroll/6a8ffde68eaf4aa7e6fb699a/submit
[0mPOST /api/guard-payroll/6a8ffde68eaf4aa7e6fb699a/submit [32m200[0m 31.349 ms - 707[0m
[2026-08-27T09:05:42.754Z] PUT /api/guard-payroll/6a8ffde68eaf4aa7e6fb699a/rates
[0mPUT /api/guard-payroll/6a8ffde68eaf4aa7e6fb699a/rates [32m200[0m 14.240 ms - 796[0m
[2026-08-27T09:05:42.773Z] POST /api/guard-payroll/6a8ffde68eaf4aa7e6fb699a/calculate
[0mPOST /api/guard-payroll/6a8ffde68eaf4aa7e6fb699a/calculate [32m200[0m 45.863 ms - 1715[0m
[2026-08-27T09:05:42.824Z] POST /api/guard-payroll/6a8ffde68eaf4aa7e6fb699a/check
[0mPOST /api/guard-payroll/6a8ffde68eaf4aa7e6fb699a/check [32m200[0m 17.663 ms - 932[0m
[2026-08-27T09:05:42.845Z] POST /api/guard-payroll/6a8ffde68eaf4aa7e6fb699a/approve
[0mPOST /api/guard-payroll/6a8ffde68eaf4aa7e6fb699a/approve [32m200[0m 15.137 ms - 1013[0m
[2026-08-27T09:05:42.864Z] POST /api/guard-payroll/6a8ffde68eaf4aa7e6fb699a/pay
[0mPOST /api/guard-payroll/6a8ffde68eaf4aa7e6fb699a/pay [32m200[0m 20.549 ms - 1185[0m
[2026-08-27T09:05:42.888Z] GET /api/guard-payroll/6a8ffde68eaf4aa7e6fb699a
[0mGET /api/guard-payroll/6a8ffde68eaf4aa7e6fb699a [32m200[0m 14.785 ms - 2271[0m
[2026-08-27T09:05:42.906Z] POST /api/staff-attendance/lock
[0mPOST /api/staff-attendance/lock [32m200[0m 11.857 ms - 280[0m
[2026-08-27T09:05:42.921Z] POST /api/office-payroll/generate/6a83038f91e65df0d84d3963
[0mPOST /api/office-payroll/generate/6a83038f91e65df0d84d3963 [32m201[0m 579.233 ms - 1128[0m
[2026-08-27T09:05:43.505Z] GET /api/office-payroll?payrollPeriodId=6a83038f91e65df0d84d3963
[0mGET /api/office-payroll?payrollPeriodId=6a83038f91e65df0d84d3963 [32m200[0m 43.189 ms - 28376[0m
[2026-08-27T09:05:43.553Z] PUT /api/office-payroll/6a8ffde78eaf4aa7e6fb6a6a/salary
[0mPUT /api/office-payroll/6a8ffde78eaf4aa7e6fb6a6a/salary [32m200[0m 18.873 ms - 597[0m
[2026-08-27T09:05:43.577Z] POST /api/office-payroll/6a8ffde78eaf4aa7e6fb6a6a/calculate
[0mPOST /api/office-payroll/6a8ffde78eaf4aa7e6fb6a6a/calculate [32m200[0m 35.155 ms - 1211[0m
[2026-08-27T09:05:43.618Z] POST /api/office-payroll/6a8ffde78eaf4aa7e6fb6a6a/submit
[0mPOST /api/office-payroll/6a8ffde78eaf4aa7e6fb6a6a/submit [32m200[0m 14.860 ms - 796[0m
[2026-08-27T09:05:43.637Z] POST /api/office-payroll/6a8ffde78eaf4aa7e6fb6a6a/check
[0mPOST /api/office-payroll/6a8ffde78eaf4aa7e6fb6a6a/check [32m200[0m 14.339 ms - 872[0m
[2026-08-27T09:05:43.655Z] POST /api/office-payroll/6a8ffde78eaf4aa7e6fb6a6a/approve
[0mPOST /api/office-payroll/6a8ffde78eaf4aa7e6fb6a6a/approve [32m200[0m 15.620 ms - 953[0m
[2026-08-27T09:05:43.675Z] POST /api/office-payroll/6a8ffde78eaf4aa7e6fb6a6a/pay
[0mPOST /api/office-payroll/6a8ffde78eaf4aa7e6fb6a6a/pay [32m200[0m 21.825 ms - 1094[0m
[2026-08-27T09:05:43.701Z] GET /api/office-payroll/6a8ffde78eaf4aa7e6fb6a6a
[0mGET /api/office-payroll/6a8ffde78eaf4aa7e6fb6a6a [32m200[0m 15.047 ms - 1820[0m
[2026-08-27T09:05:43.720Z] POST /api/employees
[0mPOST /api/employees [32m201[0m 11.493 ms - 420[0m
[2026-08-27T09:05:43.738Z] POST /api/finance/periods
[0mPOST /api/finance/periods [33m403[0m 4.833 ms - 1353[0m
[2026-08-27T09:05:43.747Z] POST /api/employees
[0mPOST /api/employees [33m403[0m 5.352 ms - 1353[0m
[2026-08-27T09:05:43.754Z] GET /api/guard-payroll
[0mGET /api/guard-payroll [32m200[0m 40.945 ms - 34933[0m
[2026-08-27T09:05:43.799Z] GET /api/audit-logs
[0mGET /api/audit-logs [32m200[0m 19.459 ms - 12420[0m
[2026-08-27T09:05:43.821Z] POST /api/finance/periods
[0mPOST /api/finance/periods [33m403[0m 4.638 ms - 1353[0m
[2026-08-27T09:05:43.828Z] GET /api/finance/periods
[0mGET /api/finance/periods [32m200[0m 11.616 ms - 7462[0m
[2026-08-27T09:05:43.843Z] POST /api/auth/login
[0mPOST /api/auth/login [32m200[0m 663.637 ms - 618[0m
[2026-08-27T09:05:44.510Z] POST /api/attendance/clock-in
[0mPOST /api/attendance/clock-in [32m201[0m 25.029 ms - 413[0m
[2026-08-27T09:05:44.538Z] POST /api/employees
[0mPOST /api/employees [33m403[0m 4.149 ms - 1353[0m
[2026-08-27T09:05:44.544Z] GET /api/finance/periods
[0mGET /api/finance/periods [33m403[0m 4.067 ms - 1353[0m
[2026-08-27T09:05:44.551Z] DELETE /api/employees/6a8ffde48eaf4aa7e6fb6845
[0mDELETE /api/employees/6a8ffde48eaf4aa7e6fb6845 [33m403[0m 4.903 ms - 1367[0m
[2026-08-27T09:05:44.558Z] DELETE /api/employees/6a8ffde78eaf4aa7e6fb6aa2
[0mDELETE /api/employees/6a8ffde78eaf4aa7e6fb6aa2 [33m403[0m 5.131 ms - 1367[0m
[2026-08-27T09:05:44.567Z] POST /api/guards/register
[0mPOST /api/guards/register [32m201[0m 696.121 ms - 639[0m
[2026-08-27T09:05:45.267Z] POST /api/guards/register
[0mPOST /api/guards/register [32m201[0m 626.217 ms - 639[0m
[2026-08-27T09:05:45.898Z] POST /api/guards/assign-site
[0mPOST /api/guards/assign-site [32m201[0m 22.351 ms - 342[0m
[2026-08-27T09:05:45.924Z] POST /api/guards/assign-site
[0mPOST /api/guards/assign-site [32m201[0m 18.538 ms - 342[0m
[2026-08-27T09:05:45.947Z] POST /api/guards/assign-site
[0mPOST /api/guards/assign-site [33m403[0m 5.216 ms - 1353[0m
[2026-08-27T09:05:45.955Z] POST /api/guards/register
[0mPOST /api/guards/register [32m201[0m 625.700 ms - 637[0m
[2026-08-27T09:05:46.585Z] POST /api/guards/register
[0mPOST /api/guards/register [32m201[0m 629.015 ms - 637[0m
[2026-08-27T09:05:47.220Z] POST /api/guards/register
[0mPOST /api/guards/register [32m201[0m 624.644 ms - 637[0m
[2026-08-27T09:05:47.849Z] POST /api/auth/login
[0mPOST /api/auth/login [32m200[0m 611.385 ms - 613[0m
[2026-08-27T09:05:48.464Z] POST /api/auth/login
[0mPOST /api/auth/login [32m200[0m 625.296 ms - 613[0m
[2026-08-27T09:05:49.093Z] POST /api/auth/login
[0mPOST /api/auth/login [32m200[0m 631.410 ms - 613[0m
[2026-08-27T09:05:49.729Z] POST /api/sites
[0mPOST /api/sites [32m201[0m 13.042 ms - 406[0m
[2026-08-27T09:05:49.746Z] POST /api/guards/assign-site
[0mPOST /api/guards/assign-site [32m201[0m 19.348 ms - 342[0m
[2026-08-27T09:05:49.770Z] POST /api/attendance/clock-in
[0mPOST /api/attendance/clock-in [32m201[0m 31.618 ms - 413[0m
[2026-08-27T09:05:49.804Z] POST /api/attendance/clock-out/6a8ffde98eaf4aa7e6fb6adf
[0mPOST /api/attendance/clock-out/6a8ffde98eaf4aa7e6fb6adf [32m200[0m 21.914 ms - 459[0m
[2026-08-27T09:05:49.829Z] POST /api/guards/assign-site
[0mPOST /api/guards/assign-site [32m201[0m 19.833 ms - 342[0m
[2026-08-27T09:05:49.852Z] GET /api/attendance/on-duty/6a8ffded8eaf4aa7e6fb6b02
[0mGET /api/attendance/on-duty/6a8ffded8eaf4aa7e6fb6b02 [32m200[0m 6.566 ms - 26[0m
[2026-08-27T09:05:49.862Z] POST /api/attendance/clock-in
[0mPOST /api/attendance/clock-in [32m201[0m 27.452 ms - 413[0m
[2026-08-27T09:05:49.892Z] POST /api/attendance/clock-out/6a8ffdea8eaf4aa7e6fb6ae9
[0mPOST /api/attendance/clock-out/6a8ffdea8eaf4aa7e6fb6ae9 [32m200[0m 19.628 ms - 474[0m
[2026-08-27T09:05:49.914Z] POST /api/sites
[0mPOST /api/sites [32m201[0m 10.929 ms - 407[0m
[2026-08-27T09:05:49.929Z] POST /api/guards/assign-site
[0mPOST /api/guards/assign-site [32m201[0m 22.391 ms - 342[0m
[2026-08-27T09:05:49.956Z] POST /api/guards/assign-site
[0mPOST /api/guards/assign-site [32m201[0m 21.069 ms - 342[0m
[2026-08-27T09:05:49.980Z] POST /api/guards/assign-site
[0mPOST /api/guards/assign-site [32m201[0m 20.110 ms - 342[0m
[2026-08-27T09:05:50.004Z] GET /api/attendance/on-duty/6a8ffded8eaf4aa7e6fb6b36
[0mGET /api/attendance/on-duty/6a8ffded8eaf4aa7e6fb6b36 [32m200[0m 7.655 ms - 26[0m
[2026-08-27T09:05:50.015Z] POST /api/attendance/clock-in
[0mPOST /api/attendance/clock-in [32m201[0m 34.773 ms - 413[0m
[2026-08-27T09:05:50.052Z] GET /api/attendance/on-duty/6a8ffded8eaf4aa7e6fb6b36
[0mGET /api/attendance/on-duty/6a8ffded8eaf4aa7e6fb6b36 [32m200[0m 7.369 ms - 52[0m
[2026-08-27T09:05:50.062Z] POST /api/attendance/clock-in
[0mPOST /api/attendance/clock-in [32m201[0m 32.022 ms - 413[0m
[2026-08-27T09:05:50.097Z] GET /api/attendance/on-duty/6a8ffded8eaf4aa7e6fb6b36
[0mGET /api/attendance/on-duty/6a8ffded8eaf4aa7e6fb6b36 [32m200[0m 9.180 ms - 79[0m
[2026-08-27T09:05:50.109Z] POST /api/attendance/clock-in
[0mPOST /api/attendance/clock-in [32m201[0m 48.999 ms - 413[0m
[2026-08-27T09:05:50.160Z] GET /api/attendance/active/6a8ffde98eaf4aa7e6fb6adf
[0mGET /api/attendance/active/6a8ffde98eaf4aa7e6fb6adf [32m200[0m 17.959 ms - 770[0m
[2026-08-27T09:05:50.181Z] POST /api/attendance/clock-in
[0mPOST /api/attendance/clock-in [33m409[0m 10.352 ms - 654[0m
[2026-08-27T09:05:50.195Z] POST /api/attendance/clock-out/6a8ffde98eaf4aa7e6fb6adf
[0mPOST /api/attendance/clock-out/6a8ffde98eaf4aa7e6fb6adf [32m200[0m 26.494 ms - 516[0m
[2026-08-27T09:05:50.224Z] GET /api/attendance/recent/6a8ffde98eaf4aa7e6fb6adf?days=1
[0mGET /api/attendance/recent/6a8ffde98eaf4aa7e6fb6adf?days=1 [32m200[0m 13.807 ms - 1667[0m
[2026-08-27T09:05:50.241Z] POST /api/attendance/clock-in
[0mPOST /api/attendance/clock-in [33m409[0m 9.279 ms - 654[0m
[2026-08-27T09:05:50.252Z] GET /api/attendance/coverage-alerts/6a8ffded8eaf4aa7e6fb6b36
[0mGET /api/attendance/coverage-alerts/6a8ffded8eaf4aa7e6fb6b36 [32m200[0m 10.425 ms - 90[0m
[2026-08-27T09:05:50.266Z] GET /api/attendance/active/6a8ffdea8eaf4aa7e6fb6ae9
[0mGET /api/attendance/active/6a8ffdea8eaf4aa7e6fb6ae9 [32m200[0m 10.481 ms - 770[0m
[2026-08-27T09:05:50.279Z] POST /api/attendance/override-clockout/6a8ffdee8eaf4aa7e6fb6b62
[0mPOST /api/attendance/override-clockout/6a8ffdee8eaf4aa7e6fb6b62 [32m200[0m 29.169 ms - 563[0m
[2026-08-27T09:05:50.311Z] POST /api/sites
[0mPOST /api/sites [32m201[0m 13.717 ms - 391[0m
[2026-08-27T09:05:50.329Z] POST /api/guards/register
[0mPOST /api/guards/register [32m201[0m 633.512 ms - 632[0m
[2026-08-27T09:05:50.968Z] POST /api/auth/login
[0mPOST /api/auth/login [32m200[0m 610.915 ms - 612[0m
[2026-08-27T09:05:51.581Z] POST /api/attendance/clock-in
[0mPOST /api/attendance/clock-in [32m201[0m 22.933 ms - 413[0m
[2026-08-27T09:05:51.607Z] GET /api/attendance/active/6a8ffdee8eaf4aa7e6fb6b92
[0mGET /api/attendance/active/6a8ffdee8eaf4aa7e6fb6b92 [32m200[0m 10.272 ms - 754[0m
[2026-08-27T09:05:51.619Z] POST /api/attendance/override-clockout/6a8ffdef8eaf4aa7e6fb6b9f
[0mPOST /api/attendance/override-clockout/6a8ffdef8eaf4aa7e6fb6b9f [33m403[0m 4.136 ms - 1367[0m
[2026-08-27T09:05:51.626Z] POST /api/attendance/override-clockout/6a8ffdef8eaf4aa7e6fb6b9f
[0mPOST /api/attendance/override-clockout/6a8ffdef8eaf4aa7e6fb6b9f [32m200[0m 23.029 ms - 549[0m
[2026-08-27T09:05:51.652Z] GET /api/attendance/on-duty/6a8ffded8eaf4aa7e6fb6b36
[0mGET /api/attendance/on-duty/6a8ffded8eaf4aa7e6fb6b36 [32m200[0m 7.868 ms - 52[0m
[2026-08-27T09:05:51.662Z] GET /api/attendance/active/6a8ffdeb8eaf4aa7e6fb6af3
[0mGET /api/attendance/active/6a8ffdeb8eaf4aa7e6fb6af3 [32m200[0m 13.266 ms - 770[0m
[2026-08-27T09:05:51.678Z] POST /api/attendance/clock-out/6a8ffdeb8eaf4aa7e6fb6af3
[0mPOST /api/attendance/clock-out/6a8ffdeb8eaf4aa7e6fb6af3 [32m200[0m 18.092 ms - 459[0m
[2026-08-27T09:05:51.700Z] POST /api/guards/assign-site
[0mPOST /api/guards/assign-site [32m201[0m 22.380 ms - 342[0m
[2026-08-27T09:05:51.726Z] POST /api/attendance/clock-in
[0mPOST /api/attendance/clock-in [32m201[0m 25.309 ms - 413[0m
[2026-08-27T09:05:51.755Z] POST /api/attendance/clock-out/6a8ffdeb8eaf4aa7e6fb6af3
[0mPOST /api/attendance/clock-out/6a8ffdeb8eaf4aa7e6fb6af3 [32m200[0m 18.950 ms - 473[0m
[2026-08-27T09:05:51.776Z] POST /api/sites
[0mPOST /api/sites [32m201[0m 10.333 ms - 403[0m
[2026-08-27T09:05:51.791Z] POST /api/guards/register
[0mPOST /api/guards/register [32m201[0m 628.146 ms - 633[0m
[2026-08-27T09:05:52.423Z] POST /api/guards/register
[0mPOST /api/guards/register [32m201[0m 621.172 ms - 629[0m
[2026-08-27T09:05:53.050Z] POST /api/auth/login
[0mPOST /api/auth/login [32m200[0m 649.282 ms - 612[0m
[2026-08-27T09:05:53.702Z] POST /api/auth/login
[0mPOST /api/auth/login [32m200[0m 619.900 ms - 609[0m
[2026-08-27T09:05:54.326Z] POST /api/guards/assign-site
[0mPOST /api/guards/assign-site [32m201[0m 18.926 ms - 342[0m
[2026-08-27T09:05:54.349Z] POST /api/attendance/clock-in
[0mPOST /api/attendance/clock-in [32m201[0m 25.916 ms - 413[0m
[2026-08-27T09:05:54.378Z] POST /api/attendance/clock-out/6a8ffdf08eaf4aa7e6fb6bde
[0mPOST /api/attendance/clock-out/6a8ffdf08eaf4aa7e6fb6bde [32m200[0m 14.835 ms - 517[0m
[2026-08-27T09:05:54.395Z] POST /api/guards/assign-site
[0mPOST /api/guards/assign-site [32m201[0m 17.603 ms - 342[0m
[2026-08-27T09:05:54.417Z] POST /api/attendance/clock-in
[0mPOST /api/attendance/clock-in [33m400[0m 10.970 ms - 734[0m
[2026-08-27T09:05:54.431Z] POST /api/sites
[0mPOST /api/sites [32m201[0m 10.242 ms - 394[0m
[2026-08-27T09:05:54.445Z] POST /api/attendance/clock-in
[0mPOST /api/attendance/clock-in [32m201[0m 21.821 ms - 413[0m
[2026-08-27T09:05:54.469Z] POST /api/attendance/clock-out/6a8ffdef8eaf4aa7e6fb6bd4
[0mPOST /api/attendance/clock-out/6a8ffdef8eaf4aa7e6fb6bd4 [32m200[0m 15.712 ms - 458[0m
[2026-08-27T09:05:54.488Z] GET /api/employees?limit=1
[0mGET /api/employees?limit=1 [32m200[0m 10.810 ms - 615[0m
[2026-08-27T09:05:54.502Z] GET /api/sites?limit=1
[0mGET /api/sites?limit=1 [32m200[0m 8.489 ms - 459[0m
[2026-08-27T10:01:06.455Z] GET /
[0mGET / [33m404[0m 1.376 ms - 45[0m
[2026-08-27T10:01:11.442Z] POST /mcp
[0mPOST /mcp [33m404[0m 1.763 ms - 45[0m
[2026-08-27T10:01:11.447Z] POST /mcp
[0mPOST /mcp [33m404[0m 1.382 ms - 45[0m
[2026-08-27T10:01:11.453Z] GET /
[0mGET / [33m404[0m 1.547 ms - 45[0m
[2026-08-27T10:01:11.460Z] GET /loginMsg.js
[0mGET /loginMsg.js [33m404[0m 1.246 ms - 45[0m
[2026-08-27T10:01:11.466Z] GET /cgi/get.cgi?cmd=home_login
[0mGET /cgi/get.cgi?cmd=home_login [33m404[0m 1.573 ms - 45[0m
[2026-08-27T10:01:13.728Z] GET /rootDesc.xml
[0mGET /rootDesc.xml [33m404[0m 1.215 ms - 45[0m
[2026-08-27T10:38:29.040Z] GET /api/employees?page=1&limit=20
[2026-08-27T10:38:29.096Z] GET /api/contracts?limit=200
[0mGET /api/employees?page=1&limit=20 [32m200[0m 146.324 ms - 10454[0m
[0mGET /api/contracts?limit=200 [36m304[0m 117.658 ms - -[0m
[2026-08-27T10:38:29.224Z] GET /api/employees?page=1&limit=20
[2026-08-27T10:38:29.239Z] GET /api/contracts?limit=200
[0mGET /api/employees?page=1&limit=20 [36m304[0m 40.655 ms - -[0m
[0mGET /api/contracts?limit=200 [36m304[0m 47.293 ms - -[0m
[2026-08-27T10:41:16.401Z] POST /api/auth/login
[0mPOST /api/auth/login [32m200[0m 632.046 ms - 566[0m
[2026-08-27T10:41:17.199Z] GET /api/sites?limit=1
[2026-08-27T10:41:17.205Z] GET /api/employees?limit=1
[0mGET /api/sites?limit=1 [32m200[0m 18.211 ms - 459[0m
[0mGET /api/employees?limit=1 [32m200[0m 17.012 ms - 615[0m
[2026-08-27T10:41:17.238Z] GET /api/sites?limit=1
[0mGET /api/sites?limit=1 [36m304[0m 12.495 ms - -[0m
[2026-08-27T10:41:17.264Z] GET /api/employees?limit=1
[0mGET /api/employees?limit=1 [36m304[0m 13.100 ms - -[0m
[2026-08-27T10:41:24.914Z] GET /api/employees?page=1&limit=20
[0mGET /api/employees?page=1&limit=20 [36m304[0m 36.760 ms - -[0m
[2026-08-27T10:41:24.982Z] GET /api/employees?page=1&limit=20
[0mGET /api/employees?page=1&limit=20 [36m304[0m 21.718 ms - -[0m
[2026-08-27T10:41:25.033Z] GET /api/employees?limit=1
[0mGET /api/employees?limit=1 [36m304[0m 20.544 ms - -[0m
[2026-08-27T10:41:25.115Z] GET /api/employees?limit=1
[0mGET /api/employees?limit=1 [36m304[0m 14.709 ms - -[0m
[2026-08-27T10:41:25.150Z] GET /api/employees?limit=1&category=GUARD
[0mGET /api/employees?limit=1&category=GUARD [32m200[0m 47.029 ms - 615[0m
[2026-08-27T10:41:25.232Z] GET /api/employees?limit=1&category=GUARD
[0mGET /api/employees?limit=1&category=GUARD [36m304[0m 16.525 ms - -[0m
[2026-08-27T10:41:25.284Z] GET /api/employees?limit=1&category=OFFICE_STAFF
[0mGET /api/employees?limit=1&category=OFFICE_STAFF [32m200[0m 16.610 ms - 483[0m
[2026-08-27T10:41:25.328Z] GET /api/employees?limit=1&category=OFFICE_STAFF
[0mGET /api/employees?limit=1&category=OFFICE_STAFF [36m304[0m 18.469 ms - -[0m
[2026-08-27T10:41:25.379Z] GET /api/employees?limit=1&status=ON_LEAVE
[0mGET /api/employees?limit=1&status=ON_LEAVE [36m304[0m 33.108 ms - -[0m
[2026-08-27T10:41:25.444Z] GET /api/employees?limit=1&status=ON_LEAVE
[0mGET /api/employees?limit=1&status=ON_LEAVE [36m304[0m 70.336 ms - -[0m
[2026-08-27T10:41:29.068Z] GET /api/employees?page=1&limit=20
[2026-08-27T10:41:29.094Z] GET /api/contracts?limit=200
[0mGET /api/employees?page=1&limit=20 [36m304[0m 50.191 ms - -[0m
[0mGET /api/contracts?limit=200 [36m304[0m 54.538 ms - -[0m
[2026-08-27T10:41:29.149Z] GET /api/employees?page=1&limit=20
[0mGET /api/employees?page=1&limit=20 [36m304[0m 26.847 ms - -[0m
[2026-08-27T10:41:29.183Z] GET /api/contracts?limit=200
[0mGET /api/contracts?limit=200 [36m304[0m 25.083 ms - -[0m
[2026-08-27T10:41:51.343Z] GET /api/employees?page=1&limit=20
[0mGET /api/employees?page=1&limit=20 [36m304[0m 52.632 ms - -[0m
[2026-08-27T10:41:51.480Z] GET /api/employees?page=1&limit=20
[2026-08-27T10:41:51.494Z] GET /api/employees?limit=1
[0mGET /api/employees?page=1&limit=20 [36m304[0m 36.984 ms - -[0m
[0mGET /api/employees?limit=1 [36m304[0m 34.400 ms - -[0m
[2026-08-27T10:41:51.567Z] GET /api/employees?limit=1
[2026-08-27T10:41:51.580Z] GET /api/employees?limit=1&category=GUARD
[0mGET /api/employees?limit=1 [36m304[0m 31.345 ms - -[0m
[0mGET /api/employees?limit=1&category=GUARD [36m304[0m 22.398 ms - -[0m
[2026-08-27T10:41:51.735Z] GET /api/employees?limit=1&category=GUARD
[0mGET /api/employees?limit=1&category=GUARD [36m304[0m 44.015 ms - -[0m
[2026-08-27T10:41:51.794Z] GET /api/employees?limit=1&category=OFFICE_STAFF
[0mGET /api/employees?limit=1&category=OFFICE_STAFF [36m304[0m 67.232 ms - -[0m
[2026-08-27T10:41:51.918Z] GET /api/employees?limit=1&category=OFFICE_STAFF
[0mGET /api/employees?limit=1&category=OFFICE_STAFF [36m304[0m 17.331 ms - -[0m
[2026-08-27T10:41:51.946Z] GET /api/employees?limit=1&status=ON_LEAVE
[0mGET /api/employees?limit=1&status=ON_LEAVE [36m304[0m 39.208 ms - -[0m
[2026-08-27T10:41:52.059Z] GET /api/employees?limit=1&status=ON_LEAVE
[0mGET /api/employees?limit=1&status=ON_LEAVE [36m304[0m 32.896 ms - -[0m
[2026-08-27T10:41:54.374Z] GET /api/employees?page=1&limit=20
[0mGET /api/employees?page=1&limit=20 [36m304[0m 36.662 ms - -[0m
[2026-08-27T10:41:54.434Z] GET /api/contracts?limit=200
[2026-08-27T10:41:54.451Z] GET /api/employees?page=1&limit=20
[0mGET /api/employees?page=1&limit=20 [36m304[0m 34.939 ms - -[0m
[0mGET /api/contracts?limit=200 [36m304[0m 65.082 ms - -[0m
[2026-08-27T10:41:54.532Z] GET /api/contracts?limit=200
[0mGET /api/contracts?limit=200 [36m304[0m 25.894 ms - -[0m
[2026-08-27T10:42:09.821Z] POST /api/auth/login
[0mPOST /api/auth/login [32m200[0m 740.798 ms - 571[0m
[2026-08-27T10:42:10.715Z] GET /api/employees?limit=1
[2026-08-27T10:42:10.723Z] GET /api/sites?limit=1
[0mGET /api/employees?limit=1 [36m304[0m 17.646 ms - -[0m
[0mGET /api/sites?limit=1 [36m304[0m 15.434 ms - -[0m
[2026-08-27T10:42:10.765Z] GET /api/employees?limit=1
[2026-08-27T10:42:10.807Z] GET /api/sites?limit=1
[0mGET /api/employees?limit=1 [36m304[0m 51.375 ms - -[0m
[0mGET /api/sites?limit=1 [36m304[0m 16.183 ms - -[0m
[2026-08-27T10:42:17.934Z] GET /api/guards
[2026-08-27T10:42:17.948Z] GET /api/sites
[0mGET /api/sites [32m200[0m 35.143 ms - 7634[0m
[2026-08-27T10:42:18.297Z] GET /api/sites
[0mGET /api/sites [36m304[0m 1129.160 ms - -[0m
[0mGET /api/guards [32m200[0m 3730.907 ms - 421459[0m
[2026-08-27T10:42:21.749Z] GET /api/guards
[0mGET /api/guards [36m304[0m 2925.020 ms - -[0m
[2026-08-27T10:42:45.513Z] GET /api/sites
[0mGET /api/sites [36m304[0m 31.267 ms - -[0m
[2026-08-27T10:42:45.661Z] GET /api/sites
[0mGET /api/sites [36m304[0m 18.478 ms - -[0m
[2026-08-27T10:42:45.716Z] GET /api/sites
[0mGET /api/sites [36m304[0m 17.684 ms - -[0m
[2026-08-27T10:42:51.200Z] GET /api/staff-attendance/summary?year=2026&month=8
[2026-08-27T10:42:51.245Z] GET /api/guards
[0mGET /api/staff-attendance/summary?year=2026&month=8 [32m200[0m 448.223 ms - 59982[0m
[2026-08-27T10:42:53.337Z] GET /api/staff-attendance/summary?year=2026&month=8
[0mGET /api/guards [36m304[0m 4309.180 ms - -[0m
[0mGET /api/staff-attendance/summary?year=2026&month=8 [36m304[0m 2273.006 ms - -[0m
[2026-08-27T10:42:55.613Z] GET /api/guards
[2026-08-27T10:42:55.646Z] GET /api/staff-attendance/summary?year=2026&month=8
[2026-08-27T10:42:55.678Z] GET /api/attendance?startDate=2026-08-01&endDate=2026-08-31
[0mGET /api/staff-attendance/summary?year=2026&month=8 [36m304[0m 2512.991 ms - -[0m
[2026-08-27T10:42:59.088Z] GET /api/staff-attendance/summary?year=2026&month=8
[0mGET /api/attendance?startDate=2026-08-01&endDate=2026-08-31 [32m200[0m 5429.239 ms - 453499[0m
[0mGET /api/staff-attendance/summary?year=2026&month=8 [36m304[0m 2639.391 ms - -[0m
[0mGET /api/guards [36m304[0m 6276.784 ms - -[0m
[2026-08-27T10:43:01.923Z] GET /api/guards
[2026-08-27T10:43:05.647Z] GET /api/attendance?startDate=2026-08-01&endDate=2026-08-31
[0mGET /api/guards [36m304[0m 5404.854 ms - -[0m
[0mGET /api/attendance?startDate=2026-08-01&endDate=2026-08-31 [36m304[0m 2100.306 ms - -[0m
[2026-08-27T10:43:07.760Z] GET /api/guards
[2026-08-27T10:43:07.788Z] GET /api/attendance?startDate=2026-08-01&endDate=2026-08-31
[0mGET /api/attendance?startDate=2026-08-01&endDate=2026-08-31 [36m304[0m 3057.079 ms - -[0m
[0mGET /api/guards [36m304[0m 3820.918 ms - -[0m
[2026-08-27T10:43:11.608Z] GET /api/attendance?startDate=2026-08-01&endDate=2026-08-31
[0mGET /api/attendance?startDate=2026-08-01&endDate=2026-08-31 [36m304[0m 198.083 ms - -[0m
[2026-08-27T10:43:26.224Z] GET /api/guards
[2026-08-27T10:43:26.276Z] GET /api/staff-attendance/summary?year=2026&month=8
[0mGET /api/staff-attendance/summary?year=2026&month=8 [36m304[0m 2884.829 ms - -[0m
[2026-08-27T10:43:29.829Z] GET /api/staff-attendance/summary?year=2026&month=8
[0mGET /api/guards [36m304[0m 3966.915 ms - -[0m
[0mGET /api/staff-attendance/summary?year=2026&month=8 [36m304[0m 424.377 ms - -[0m
[2026-08-27T10:43:30.259Z] GET /api/guards
[2026-08-27T10:43:30.271Z] GET /api/attendance?startDate=2026-08-01&endDate=2026-08-31
[2026-08-27T10:43:32.576Z] GET /api/staff-attendance/summary?year=2026&month=8
[0mGET /api/attendance?startDate=2026-08-01&endDate=2026-08-31 [36m304[0m 3389.576 ms - -[0m
[0mGET /api/staff-attendance/summary?year=2026&month=8 [36m304[0m 1687.517 ms - -[0m
[0mGET /api/guards [36m304[0m 4117.982 ms - -[0m
[2026-08-27T10:43:34.385Z] GET /api/staff-attendance/summary?year=2026&month=8
[2026-08-27T10:43:34.397Z] GET /api/guards
[0mGET /api/staff-attendance/summary?year=2026&month=8 [36m304[0m 87.784 ms - -[0m
[2026-08-27T10:43:35.008Z] GET /api/attendance?startDate=2026-08-01&endDate=2026-08-31
[0mGET /api/guards [36m304[0m 3279.954 ms - -[0m
[0mGET /api/attendance?startDate=2026-08-01&endDate=2026-08-31 [36m304[0m 2903.254 ms - -[0m
[2026-08-27T10:43:37.919Z] GET /api/guards
[2026-08-27T10:43:37.938Z] GET /api/attendance?startDate=2026-08-01&endDate=2026-08-31
[0mGET /api/attendance?startDate=2026-08-01&endDate=2026-08-31 [36m304[0m 2572.780 ms - -[0m
[0mGET /api/guards [36m304[0m 3536.100 ms - -[0m
[2026-08-27T10:43:53.656Z] GET /api/attendance?startDate=2026-08-01&endDate=2026-08-31
[0mGET /api/attendance?startDate=2026-08-01&endDate=2026-08-31 [36m304[0m 341.953 ms - -[0m
[2026-08-27T10:44:18.568Z] GET /api/employees?limit=1
[0mGET /api/employees?limit=1 [36m304[0m 13.353 ms - -[0m
[2026-08-27T10:44:18.600Z] GET /api/sites?limit=1
[2026-08-27T10:44:18.654Z] GET /api/employees?limit=1
[0mGET /api/employees?limit=1 [36m304[0m 17.693 ms - -[0m
[0mGET /api/sites?limit=1 [36m304[0m 85.232 ms - -[0m
[2026-08-27T10:44:18.742Z] GET /api/sites?limit=1
[0mGET /api/sites?limit=1 [36m304[0m 17.300 ms - -[0m
[2026-08-27T10:44:21.955Z] GET /api/guards
[2026-08-27T10:44:21.961Z] GET /api/sites
[0mGET /api/sites [36m304[0m 27.698 ms - -[0m
[2026-08-27T10:44:22.658Z] GET /api/sites
[0mGET /api/sites [36m304[0m 947.264 ms - -[0m
[0mGET /api/guards [36m304[0m 2863.337 ms - -[0m
[2026-08-27T10:44:24.838Z] GET /api/guards
[0mGET /api/guards [36m304[0m 2878.168 ms - -[0m
[2026-08-27T11:06:36.530Z] GET /api/sites
[0mGET /api/sites [36m304[0m 39.674 ms - -[0m
[2026-08-27T11:06:36.868Z] GET /api/sites
[0mGET /api/sites [36m304[0m 25.548 ms - -[0m
[2026-08-27T11:06:36.983Z] GET /api/sites
[0mGET /api/sites [36m304[0m 25.852 ms - -[0m
[2026-08-27T11:06:39.415Z] GET /api/guards
[2026-08-27T11:06:41.963Z] GET /api/staff-attendance/summary?year=2026&month=8
[0mGET /api/staff-attendance/summary?year=2026&month=8 [36m304[0m 8043.303 ms - -[0m
[0mGET /api/guards [36m304[0m 11102.727 ms - -[0m
[2026-08-27T11:06:50.526Z] GET /api/staff-attendance/summary?year=2026&month=8
[0mGET /api/staff-attendance/summary?year=2026&month=8 [36m304[0m 69.392 ms - -[0m
[2026-08-27T11:06:50.624Z] GET /api/guards
[2026-08-27T11:06:51.682Z] GET /api/staff-attendance/summary?year=2026&month=8
[2026-08-27T11:06:53.864Z] GET /api/attendance?startDate=2026-08-01&endDate=2026-08-31
[0mGET /api/guards [36m304[0m 5337.071 ms - -[0m
[0mGET /api/staff-attendance/summary?year=2026&month=8 [36m304[0m 4301.615 ms - -[0m
[2026-08-27T11:06:56.185Z] GET /api/guards
[2026-08-27T11:06:56.197Z] GET /api/staff-attendance/summary?year=2026&month=8
[0mGET /api/attendance?startDate=2026-08-01&endDate=2026-08-31 [36m304[0m 2878.183 ms - -[0m
[2026-08-27T11:06:58.091Z] GET /api/attendance?startDate=2026-08-01&endDate=2026-08-31
[0mGET /api/staff-attendance/summary?year=2026&month=8 [36m304[0m 3459.561 ms - -[0m
[0mGET /api/guards [36m304[0m 7027.745 ms - -[0m
[2026-08-27T11:07:03.296Z] GET /api/sites
[0mGET /api/attendance?startDate=2026-08-01&endDate=2026-08-31 [36m304[0m 5503.399 ms - -[0m
[0mGET /api/sites [36m304[0m 325.944 ms - -[0m
[2026-08-27T11:07:03.628Z] GET /api/guards
[2026-08-27T11:07:03.642Z] GET /api/attendance?startDate=2026-08-01&endDate=2026-08-31
[2026-08-27T11:07:03.674Z] GET /api/sites
[0mGET /api/sites [36m304[0m 20.141 ms - -[0m
[0mGET /api/attendance?startDate=2026-08-01&endDate=2026-08-31 [36m304[0m 6418.185 ms - -[0m
[0mGET /api/guards [36m304[0m 7594.184 ms - -[0m
[2026-08-27T11:07:11.227Z] GET /api/employees?limit=1
[2026-08-27T11:07:11.238Z] GET /api/sites?limit=1
[0mGET /api/employees?limit=1 [36m304[0m 20.736 ms - -[0m
[0mGET /api/sites?limit=1 [36m304[0m 15.723 ms - -[0m
[2026-08-27T11:07:11.317Z] GET /api/guards
[2026-08-27T11:07:11.327Z] GET /api/employees?limit=1
[2026-08-27T11:07:11.340Z] GET /api/sites?limit=1
[0mGET /api/employees?limit=1 [36m304[0m 23.394 ms - -[0m
[0mGET /api/sites?limit=1 [36m304[0m 16.002 ms - -[0m
[2026-08-27T11:07:15.818Z] GET /api/attendance?startDate=2026-08-01&endDate=2026-08-31
[2026-08-27T11:07:15.829Z] GET /api/sites
[2026-08-27T11:07:17.083Z] GET /api/audit
[0mGET /api/audit [33m404[0m 1.567 ms - 45[0m
[0mGET /api/sites [36m304[0m 1438.941 ms - -[0m
[0mGET /api/guards [36m304[0m 6246.193 ms - -[0m
[2026-08-27T11:07:17.683Z] GET /api/audit
[0mGET /api/audit [33m404[0m 5.107 ms - 45[0m
[2026-08-27T11:07:17.693Z] GET /api/sites
[0mGET /api/sites [36m304[0m 23.034 ms - -[0m
[0mGET /api/attendance?startDate=2026-08-01&endDate=2026-08-31 [36m304[0m 2255.122 ms - -[0m
[2026-08-27T11:07:18.077Z] GET /api/guards
[2026-08-27T11:07:18.084Z] GET /api/sites
[0mGET /api/sites [36m304[0m 26.000 ms - -[0m
[2026-08-27T11:07:19.088Z] GET /api/sites
[0mGET /api/sites [36m304[0m 1808.518 ms - -[0m
[2026-08-27T11:07:23.098Z] GET /api/sites
[0mGET /api/guards [36m304[0m 5504.255 ms - -[0m
[0mGET /api/sites [36m304[0m 497.406 ms - -[0m
[2026-08-27T11:07:23.617Z] GET /api/guards
[2026-08-27T11:07:23.640Z] GET /api/sites
[0mGET /api/sites [36m304[0m 18.433 ms - -[0m
[2026-08-27T11:07:24.480Z] GET /api/sites
[0mGET /api/sites [36m304[0m 3911.627 ms - -[0m
[2026-08-27T11:07:31.096Z] GET /api/sites
[0mGET /api/guards [36m304[0m 7814.926 ms - -[0m
[0mGET /api/sites [36m304[0m 350.989 ms - -[0m
[2026-08-27T11:07:31.524Z] GET /api/guards
[2026-08-27T11:07:31.531Z] GET /api/sites
[0mGET /api/sites [36m304[0m 26.895 ms - -[0m
[2026-08-27T11:07:39.142Z] GET /api/guards
[2026-08-27T11:07:39.156Z] GET /api/guards
[0mGET /api/guards [36m304[0m 7790.445 ms - -[0m
[0mGET /api/guards [32m200[0m 14986.598 ms - 421459[0m
[0mGET /api/guards [32m200[0m 19372.770 ms - 421459[0m
[2026-08-27T11:09:08.701Z] POST /api/auth/login
[0mPOST /api/auth/login [32m200[0m 688.454 ms - 566[0m
[2026-08-27T11:09:09.550Z] GET /api/employees?limit=1
[2026-08-27T11:09:09.563Z] GET /api/sites?limit=1
[0mGET /api/employees?limit=1 [36m304[0m 23.115 ms - -[0m
[0mGET /api/sites?limit=1 [36m304[0m 16.951 ms - -[0m
[2026-08-27T11:09:09.638Z] GET /api/employees?limit=1
[0mGET /api/employees?limit=1 [36m304[0m 14.614 ms - -[0m
[2026-08-27T11:09:09.670Z] GET /api/sites?limit=1
[0mGET /api/sites?limit=1 [36m304[0m 12.247 ms - -[0m
[2026-08-27T11:09:33.108Z] GET /api/staff-attendance/grid?year=2026&month=8
[2026-08-27T11:09:33.136Z] GET /api/staff-attendance/summary?year=2026&month=8
[0mGET /api/staff-attendance/grid?year=2026&month=8 [32m200[0m 339.592 ms - 169689[0m
[0mGET /api/staff-attendance/summary?year=2026&month=8 [36m304[0m 336.582 ms - -[0m
[2026-08-27T11:09:33.542Z] GET /api/staff-attendance/grid?year=2026&month=8
[2026-08-27T11:09:33.552Z] GET /api/staff-attendance/summary?year=2026&month=8
[0mGET /api/staff-attendance/grid?year=2026&month=8 [36m304[0m 455.168 ms - -[0m
[0mGET /api/staff-attendance/summary?year=2026&month=8 [36m304[0m 468.369 ms - -[0m
[2026-08-27T11:13:01.104Z] GET /api/staff-attendance/grid?year=2026&month=9
[2026-08-27T11:13:01.111Z] GET /api/staff-attendance/summary?year=2026&month=9
[0mGET /api/staff-attendance/grid?year=2026&month=9 [32m200[0m 151.494 ms - 165942[0m
[0mGET /api/staff-attendance/summary?year=2026&month=9 [32m200[0m 176.801 ms - 59987[0m
[2026-08-27T11:13:01.688Z] POST /api/auth/login
[0mPOST /api/auth/login [32m200[0m 725.010 ms - 566[0m
[2026-08-27T11:13:02.441Z] POST /api/auth/login
[0mPOST /api/auth/login [32m200[0m 920.118 ms - 592[0m
[2026-08-27T11:13:03.369Z] POST /api/auth/login
[0mPOST /api/auth/login [32m200[0m 693.578 ms - 579[0m
[2026-08-27T11:13:04.075Z] POST /api/auth/login
[0mPOST /api/auth/login [32m200[0m 888.207 ms - 571[0m
[2026-08-27T11:13:04.970Z] POST /api/auth/login
[0mPOST /api/auth/login [32m200[0m 936.633 ms - 560[0m
[2026-08-27T11:13:05.911Z] POST /api/employees
[0mPOST /api/employees [32m201[0m 15.075 ms - 537[0m
[2026-08-27T11:13:05.931Z] GET /api/employees/6a901bc18eaf4aa7e6fbb5c0
[0mGET /api/employees/6a901bc18eaf4aa7e6fbb5c0 [32m200[0m 10.888 ms - 537[0m
[2026-08-27T11:13:05.946Z] PUT /api/employees/6a901bc18eaf4aa7e6fbb5c0
[0mPUT /api/employees/6a901bc18eaf4aa7e6fbb5c0 [32m200[0m 25.108 ms - 546[0m
[2026-08-27T11:13:05.977Z] POST /api/sites
[0mPOST /api/sites [32m201[0m 20.225 ms - 399[0m
[2026-08-27T11:13:06.006Z] GET /api/sites/6a901bc18eaf4aa7e6fbb5ca
[0mGET /api/sites/6a901bc18eaf4aa7e6fbb5ca [32m200[0m 11.172 ms - 399[0m
[2026-08-27T11:13:06.024Z] PUT /api/sites/6a901bc18eaf4aa7e6fbb5ca
[0mPUT /api/sites/6a901bc18eaf4aa7e6fbb5ca [32m200[0m 20.935 ms - 402[0m
[2026-08-27T11:13:06.056Z] POST /api/guards/register
[0mPOST /api/guards/register [32m201[0m 873.913 ms - 644[0m
[2026-08-27T11:13:06.935Z] GET /api/guards/6a901bc28eaf4aa7e6fbb5d5
[0mGET /api/guards/6a901bc28eaf4aa7e6fbb5d5 [32m200[0m 22.072 ms - 961[0m
[2026-08-27T11:13:06.961Z] POST /api/guards/register
[0mPOST /api/guards/register [31m500[0m 27.715 ms - 778[0m
[2026-08-27T11:13:06.994Z] GET /api/employees
[0mGET /api/employees [32m200[0m 45.718 ms - 10588[0m
[2026-08-27T11:13:07.045Z] POST /api/guards/assign-site
[0mPOST /api/guards/assign-site [32m201[0m 89.953 ms - 342[0m
[2026-08-27T11:13:07.140Z] POST /api/attendance/clock-in
[2026-08-27T11:13:07.176Z] GET /api/staff-attendance/grid?year=2026&month=8
[0mGET /api/staff-attendance/grid?year=2026&month=8 [32m200[0m 166.333 ms - 171548[0m
[2026-08-27T11:13:07.361Z] GET /api/staff-attendance/summary?year=2026&month=8
[0mPOST /api/attendance/clock-in [32m201[0m 233.720 ms - 413[0m
[2026-08-27T11:13:07.388Z] POST /api/attendance/clock-out/6a901bc28eaf4aa7e6fbb5d5
[0mPOST /api/attendance/clock-out/6a901bc28eaf4aa7e6fbb5d5 [32m200[0m 180.432 ms - 457[0m
[2026-08-27T11:13:07.594Z] PUT /api/attendance/6a901bc38eaf4aa7e6fbb5f4/edit
[0mGET /api/staff-attendance/summary?year=2026&month=8 [32m200[0m 361.344 ms - 60674[0m
[0mPUT /api/attendance/6a901bc38eaf4aa7e6fbb5f4/edit [32m200[0m 174.617 ms - 529[0m
[2026-08-27T11:13:07.773Z] GET /api/audit-logs?entity=AttendanceRecord&limit=5
[0mGET /api/audit-logs?entity=AttendanceRecord&limit=5 [32m200[0m 32.133 ms - 3589[0m
[2026-08-27T11:13:07.809Z] POST /api/staff-attendance/unlock
[0mPOST /api/staff-attendance/unlock [32m200[0m 41.389 ms - 278[0m
[2026-08-27T11:13:07.857Z] POST /api/staff-attendance/day
[0mPOST /api/staff-attendance/day [32m201[0m 85.041 ms - 345[0m
[2026-08-27T11:13:07.946Z] GET /api/staff-attendance/grid?year=2028&month=3
[0mGET /api/staff-attendance/grid?year=2028&month=3 [32m200[0m 92.636 ms - 171751[0m
[2026-08-27T11:13:08.050Z] GET /api/staff-attendance/summary?year=2028&month=3
[0mGET /api/staff-attendance/summary?year=2028&month=3 [32m200[0m 133.788 ms - 60671[0m
[2026-08-27T11:13:08.189Z] POST /api/finance/periods
[0mPOST /api/finance/periods [33m409[0m 11.022 ms - 584[0m
[2026-08-27T11:13:08.202Z] GET /api/finance/periods
[0mGET /api/finance/periods [32m200[0m 10.373 ms - 7460[0m
[2026-08-27T11:13:08.217Z] PUT /api/finance/rates/6a83038f91e65df0d84d3963
[0mPUT /api/finance/rates/6a83038f91e65df0d84d3963 [32m200[0m 11.955 ms - 272[0m
[2026-08-27T11:13:08.234Z] GET /api/finance/rates/6a83038f91e65df0d84d3963
[0mGET /api/finance/rates/6a83038f91e65df0d84d3963 [32m200[0m 8.644 ms - 272[0m
[2026-08-27T11:13:08.246Z] POST /api/guard-payroll/generate/6a83038f91e65df0d84d3963
[0mPOST /api/guard-payroll/generate/6a83038f91e65df0d84d3963 [32m201[0m 1585.143 ms - 4809[0m
[2026-08-27T11:13:09.840Z] POST /api/guard-payroll/6a901bc58eaf4aa7e6fbb723/submit
[0mPOST /api/guard-payroll/6a901bc58eaf4aa7e6fbb723/submit [32m200[0m 17.269 ms - 707[0m
[2026-08-27T11:13:09.862Z] PUT /api/guard-payroll/6a901bc58eaf4aa7e6fbb723/rates
[0mPUT /api/guard-payroll/6a901bc58eaf4aa7e6fbb723/rates [32m200[0m 15.409 ms - 796[0m
[2026-08-27T11:13:09.883Z] POST /api/guard-payroll/6a901bc58eaf4aa7e6fbb723/calculate
[0mPOST /api/guard-payroll/6a901bc58eaf4aa7e6fbb723/calculate [32m200[0m 38.748 ms - 1715[0m
[2026-08-27T11:13:09.927Z] POST /api/guard-payroll/6a901bc58eaf4aa7e6fbb723/check
[0mPOST /api/guard-payroll/6a901bc58eaf4aa7e6fbb723/check [32m200[0m 24.861 ms - 932[0m
[2026-08-27T11:13:09.957Z] POST /api/guard-payroll/6a901bc58eaf4aa7e6fbb723/approve
[0mPOST /api/guard-payroll/6a901bc58eaf4aa7e6fbb723/approve [32m200[0m 18.073 ms - 1013[0m
[2026-08-27T11:13:09.979Z] POST /api/guard-payroll/6a901bc58eaf4aa7e6fbb723/pay
[0mPOST /api/guard-payroll/6a901bc58eaf4aa7e6fbb723/pay [32m200[0m 39.379 ms - 1185[0m
[2026-08-27T11:13:10.024Z] GET /api/guard-payroll/6a901bc58eaf4aa7e6fbb723
[0mGET /api/guard-payroll/6a901bc58eaf4aa7e6fbb723 [32m200[0m 30.517 ms - 2271[0m
[2026-08-27T11:13:10.061Z] POST /api/staff-attendance/lock
[0mPOST /api/staff-attendance/lock [32m200[0m 17.310 ms - 280[0m
[2026-08-27T11:13:10.088Z] POST /api/office-payroll/generate/6a83038f91e65df0d84d3963
[0mPOST /api/office-payroll/generate/6a83038f91e65df0d84d3963 [32m201[0m 651.208 ms - 1128[0m
[2026-08-27T11:13:10.744Z] GET /api/office-payroll?payrollPeriodId=6a83038f91e65df0d84d3963
[0mGET /api/office-payroll?payrollPeriodId=6a83038f91e65df0d84d3963 [32m200[0m 37.377 ms - 28375[0m
[2026-08-27T11:13:10.786Z] PUT /api/office-payroll/6a901bc68eaf4aa7e6fbb7f5/salary
[0mPUT /api/office-payroll/6a901bc68eaf4aa7e6fbb7f5/salary [32m200[0m 13.605 ms - 597[0m
[2026-08-27T11:13:10.804Z] POST /api/office-payroll/6a901bc68eaf4aa7e6fbb7f5/calculate
[0mPOST /api/office-payroll/6a901bc68eaf4aa7e6fbb7f5/calculate [32m200[0m 36.687 ms - 1211[0m
[2026-08-27T11:13:10.846Z] POST /api/office-payroll/6a901bc68eaf4aa7e6fbb7f5/submit
[0mPOST /api/office-payroll/6a901bc68eaf4aa7e6fbb7f5/submit [32m200[0m 31.960 ms - 796[0m
[2026-08-27T11:13:10.886Z] POST /api/office-payroll/6a901bc68eaf4aa7e6fbb7f5/check
[0mPOST /api/office-payroll/6a901bc68eaf4aa7e6fbb7f5/check [32m200[0m 20.277 ms - 872[0m
[2026-08-27T11:13:10.910Z] POST /api/office-payroll/6a901bc68eaf4aa7e6fbb7f5/approve
[0mPOST /api/office-payroll/6a901bc68eaf4aa7e6fbb7f5/approve [32m200[0m 17.089 ms - 953[0m
[2026-08-27T11:13:10.933Z] POST /api/office-payroll/6a901bc68eaf4aa7e6fbb7f5/pay
[0mPOST /api/office-payroll/6a901bc68eaf4aa7e6fbb7f5/pay [32m200[0m 23.566 ms - 1094[0m
[2026-08-27T11:13:10.963Z] GET /api/office-payroll/6a901bc68eaf4aa7e6fbb7f5
[0mGET /api/office-payroll/6a901bc68eaf4aa7e6fbb7f5 [32m200[0m 28.248 ms - 1820[0m
[2026-08-27T11:13:11.000Z] POST /api/employees
[0mPOST /api/employees [32m201[0m 53.861 ms - 420[0m
[2026-08-27T11:13:11.060Z] POST /api/finance/periods
[0mPOST /api/finance/periods [33m403[0m 10.169 ms - 1353[0m
[2026-08-27T11:13:11.080Z] POST /api/employees
[0mPOST /api/employees [33m403[0m 9.559 ms - 1353[0m
[2026-08-27T11:13:11.093Z] GET /api/guard-payroll
[0mGET /api/guard-payroll [32m200[0m 70.008 ms - 34933[0m
[2026-08-27T11:13:11.170Z] GET /api/audit-logs
[0mGET /api/audit-logs [32m200[0m 24.846 ms - 12404[0m
[2026-08-27T11:13:11.202Z] POST /api/finance/periods
[0mPOST /api/finance/periods [33m403[0m 5.611 ms - 1353[0m
[2026-08-27T11:13:11.210Z] GET /api/finance/periods
[0mGET /api/finance/periods [32m200[0m 17.887 ms - 7462[0m
[2026-08-27T11:13:11.233Z] POST /api/auth/login
[0mPOST /api/auth/login [32m200[0m 888.805 ms - 618[0m
[2026-08-27T11:13:12.124Z] POST /api/attendance/clock-in
[0mPOST /api/attendance/clock-in [32m201[0m 36.027 ms - 413[0m
[2026-08-27T11:13:12.166Z] POST /api/employees
[0mPOST /api/employees [33m403[0m 5.019 ms - 1353[0m
[2026-08-27T11:13:12.176Z] GET /api/finance/periods
[0mGET /api/finance/periods [33m403[0m 5.853 ms - 1353[0m
[2026-08-27T11:13:12.186Z] DELETE /api/employees/6a901bc18eaf4aa7e6fbb5c0
[0mDELETE /api/employees/6a901bc18eaf4aa7e6fbb5c0 [33m403[0m 6.399 ms - 1367[0m
[2026-08-27T11:13:12.194Z] DELETE /api/employees/6a901bc78eaf4aa7e6fbb82d
[0mDELETE /api/employees/6a901bc78eaf4aa7e6fbb82d [33m403[0m 8.639 ms - 1367[0m
[2026-08-27T11:13:12.207Z] POST /api/guards/register
[0mPOST /api/guards/register [32m201[0m 881.995 ms - 639[0m
[2026-08-27T11:13:13.106Z] POST /api/guards/register
[2026-08-27T11:13:13.904Z] GET /api/staff-attendance/grid?year=2026&month=7
[2026-08-27T11:13:13.910Z] GET /api/staff-attendance/summary?year=2026&month=7
[0mPOST /api/guards/register [32m201[0m 955.048 ms - 639[0m
[0mGET /api/staff-attendance/grid?year=2026&month=7 [32m200[0m 190.470 ms - 173455[0m
[0mGET /api/staff-attendance/summary?year=2026&month=7 [32m200[0m 216.177 ms - 61236[0m
[2026-08-27T11:13:14.141Z] POST /api/guards/assign-site
[0mPOST /api/guards/assign-site [32m201[0m 64.939 ms - 342[0m
[2026-08-27T11:13:14.210Z] POST /api/guards/assign-site
[0mPOST /api/guards/assign-site [32m201[0m 52.905 ms - 342[0m
[2026-08-27T11:13:14.270Z] POST /api/guards/assign-site
[0mPOST /api/guards/assign-site [33m403[0m 4.791 ms - 1353[0m
[2026-08-27T11:13:14.278Z] POST /api/guards/register
[0mPOST /api/guards/register [32m201[0m 1063.934 ms - 637[0m
[2026-08-27T11:13:15.346Z] POST /api/guards/register
[2026-08-27T11:13:15.774Z] GET /api/staff-attendance/summary?year=2026&month=6
[2026-08-27T11:13:15.779Z] GET /api/staff-attendance/grid?year=2026&month=6
[0mGET /api/staff-attendance/grid?year=2026&month=6 [32m200[0m 250.216 ms - 169327[0m
[0mGET /api/staff-attendance/summary?year=2026&month=6 [32m200[0m 385.494 ms - 61236[0m
[0mPOST /api/guards/register [32m201[0m 1391.248 ms - 637[0m
[2026-08-27T11:13:16.744Z] POST /api/guards/register
[0mPOST /api/guards/register [32m201[0m 933.260 ms - 637[0m
[2026-08-27T11:13:17.683Z] POST /api/auth/login
[0mPOST /api/auth/login [32m200[0m 860.252 ms - 613[0m
[2026-08-27T11:13:18.557Z] POST /api/auth/login
[0mPOST /api/auth/login [32m200[0m 747.290 ms - 613[0m
[2026-08-27T11:13:19.307Z] POST /api/auth/login
[0mPOST /api/auth/login [32m200[0m 866.070 ms - 613[0m
[2026-08-27T11:13:20.177Z] POST /api/sites
[0mPOST /api/sites [32m201[0m 14.570 ms - 406[0m
[2026-08-27T11:13:20.196Z] POST /api/guards/assign-site
[0mPOST /api/guards/assign-site [32m201[0m 24.349 ms - 342[0m
[2026-08-27T11:13:20.225Z] POST /api/attendance/clock-in
[0mPOST /api/attendance/clock-in [32m201[0m 33.485 ms - 413[0m
[2026-08-27T11:13:20.261Z] POST /api/attendance/clock-out/6a901bca8eaf4aa7e6fbb870
[0mPOST /api/attendance/clock-out/6a901bca8eaf4aa7e6fbb870 [32m200[0m 23.854 ms - 459[0m
[2026-08-27T11:13:20.288Z] POST /api/guards/assign-site
[0mPOST /api/guards/assign-site [32m201[0m 20.719 ms - 342[0m
[2026-08-27T11:13:20.315Z] GET /api/attendance/on-duty/6a901bd08eaf4aa7e6fbb899
[0mGET /api/attendance/on-duty/6a901bd08eaf4aa7e6fbb899 [32m200[0m 8.455 ms - 26[0m
[2026-08-27T11:13:20.326Z] POST /api/attendance/clock-in
[0mPOST /api/attendance/clock-in [32m201[0m 43.901 ms - 413[0m
[2026-08-27T11:13:20.373Z] POST /api/attendance/clock-out/6a901bcb8eaf4aa7e6fbb87a
[0mPOST /api/attendance/clock-out/6a901bcb8eaf4aa7e6fbb87a [32m200[0m 31.436 ms - 457[0m
[2026-08-27T11:13:20.408Z] POST /api/sites
[0mPOST /api/sites [32m201[0m 16.565 ms - 407[0m
[2026-08-27T11:13:20.434Z] POST /api/guards/assign-site
[0mPOST /api/guards/assign-site [32m201[0m 53.574 ms - 342[0m
[2026-08-27T11:13:20.502Z] POST /api/guards/assign-site
[0mPOST /api/guards/assign-site [32m201[0m 77.713 ms - 342[0m
[2026-08-27T11:13:20.590Z] POST /api/guards/assign-site
[0mPOST /api/guards/assign-site [32m201[0m 53.373 ms - 342[0m
[2026-08-27T11:13:20.650Z] GET /api/attendance/on-duty/6a901bd08eaf4aa7e6fbb8cd
[0mGET /api/attendance/on-duty/6a901bd08eaf4aa7e6fbb8cd [32m200[0m 8.246 ms - 26[0m
[2026-08-27T11:13:20.663Z] POST /api/attendance/clock-in
[0mPOST /api/attendance/clock-in [32m201[0m 47.671 ms - 413[0m
[2026-08-27T11:13:20.713Z] GET /api/attendance/on-duty/6a901bd08eaf4aa7e6fbb8cd
[0mGET /api/attendance/on-duty/6a901bd08eaf4aa7e6fbb8cd [32m200[0m 9.891 ms - 52[0m
[2026-08-27T11:13:20.726Z] POST /api/attendance/clock-in
[0mPOST /api/attendance/clock-in [32m201[0m 46.990 ms - 413[0m
[2026-08-27T11:13:20.777Z] GET /api/attendance/on-duty/6a901bd08eaf4aa7e6fbb8cd
[0mGET /api/attendance/on-duty/6a901bd08eaf4aa7e6fbb8cd [32m200[0m 8.769 ms - 79[0m
[2026-08-27T11:13:20.789Z] POST /api/attendance/clock-in
[0mPOST /api/attendance/clock-in [32m201[0m 42.557 ms - 413[0m
[2026-08-27T11:13:20.835Z] GET /api/attendance/active/6a901bca8eaf4aa7e6fbb870
[0mGET /api/attendance/active/6a901bca8eaf4aa7e6fbb870 [32m200[0m 18.867 ms - 770[0m
[2026-08-27T11:13:20.857Z] POST /api/attendance/clock-in
[0mPOST /api/attendance/clock-in [33m409[0m 9.880 ms - 654[0m
[2026-08-27T11:13:20.870Z] POST /api/attendance/clock-out/6a901bca8eaf4aa7e6fbb870
[0mPOST /api/attendance/clock-out/6a901bca8eaf4aa7e6fbb870 [32m200[0m 24.452 ms - 517[0m
[2026-08-27T11:13:20.904Z] GET /api/attendance/recent/6a901bca8eaf4aa7e6fbb870?days=1
[0mGET /api/attendance/recent/6a901bca8eaf4aa7e6fbb870?days=1 [32m200[0m 25.482 ms - 1668[0m
[2026-08-27T11:13:20.937Z] POST /api/attendance/clock-in
[0mPOST /api/attendance/clock-in [33m409[0m 15.349 ms - 654[0m
[2026-08-27T11:13:20.959Z] GET /api/attendance/coverage-alerts/6a901bd08eaf4aa7e6fbb8cd
[0mGET /api/attendance/coverage-alerts/6a901bd08eaf4aa7e6fbb8cd [32m200[0m 133.500 ms - 90[0m
[2026-08-27T11:13:21.095Z] GET /api/attendance/active/6a901bcb8eaf4aa7e6fbb87a
[0mGET /api/attendance/active/6a901bcb8eaf4aa7e6fbb87a [32m200[0m 63.901 ms - 770[0m
[2026-08-27T11:13:21.163Z] POST /api/attendance/override-clockout/6a901bd08eaf4aa7e6fbb8f9
[0mPOST /api/attendance/override-clockout/6a901bd08eaf4aa7e6fbb8f9 [32m200[0m 44.991 ms - 563[0m
[2026-08-27T11:13:21.211Z] POST /api/sites
[0mPOST /api/sites [32m201[0m 15.214 ms - 391[0m
[2026-08-27T11:13:21.232Z] POST /api/guards/register
[0mPOST /api/guards/register [32m201[0m 759.897 ms - 632[0m
[2026-08-27T11:13:21.996Z] POST /api/auth/login
[2026-08-27T11:13:22.435Z] GET /api/staff-attendance/grid?year=2026&month=7
[2026-08-27T11:13:22.443Z] GET /api/staff-attendance/summary?year=2026&month=7
[0mGET /api/staff-attendance/grid?year=2026&month=7 [36m304[0m 310.316 ms - -[0m
[0mGET /api/staff-attendance/summary?year=2026&month=7 [36m304[0m 324.359 ms - -[0m
[0mPOST /api/auth/login [32m200[0m 1010.219 ms - 612[0m
[2026-08-27T11:13:23.011Z] POST /api/attendance/clock-in
[0mPOST /api/attendance/clock-in [32m201[0m 91.221 ms - 413[0m
[2026-08-27T11:13:23.105Z] GET /api/attendance/active/6a901bd18eaf4aa7e6fbb929
[0mGET /api/attendance/active/6a901bd18eaf4aa7e6fbb929 [32m200[0m 24.136 ms - 754[0m
[2026-08-27T11:13:23.135Z] POST /api/attendance/override-clockout/6a901bd38eaf4aa7e6fbb93c
[0mPOST /api/attendance/override-clockout/6a901bd38eaf4aa7e6fbb93c [33m403[0m 4.751 ms - 1367[0m
[2026-08-27T11:13:23.143Z] POST /api/attendance/override-clockout/6a901bd38eaf4aa7e6fbb93c
[0mPOST /api/attendance/override-clockout/6a901bd38eaf4aa7e6fbb93c [32m200[0m 40.476 ms - 549[0m
[2026-08-27T11:13:23.186Z] GET /api/attendance/on-duty/6a901bd08eaf4aa7e6fbb8cd
[0mGET /api/attendance/on-duty/6a901bd08eaf4aa7e6fbb8cd [32m200[0m 14.697 ms - 52[0m
[2026-08-27T11:13:23.203Z] GET /api/attendance/active/6a901bcc8eaf4aa7e6fbb88a
[2026-08-27T11:13:23.284Z] GET /api/staff-attendance/grid?year=2026&month=8
[0mGET /api/attendance/active/6a901bcc8eaf4aa7e6fbb88a [32m200[0m 226.632 ms - 770[0m
[2026-08-27T11:13:23.437Z] POST /api/attendance/clock-out/6a901bcc8eaf4aa7e6fbb88a
[2026-08-27T11:13:23.501Z] GET /api/staff-attendance/summary?year=2026&month=8
[0mGET /api/staff-attendance/grid?year=2026&month=8 [32m200[0m 254.558 ms - 173281[0m
[0mPOST /api/attendance/clock-out/6a901bcc8eaf4aa7e6fbb88a [32m200[0m 196.056 ms - 471[0m
[0mGET /api/staff-attendance/summary?year=2026&month=8 [32m200[0m 159.160 ms - 61240[0m
[2026-08-27T11:13:23.673Z] POST /api/guards/assign-site
[0mPOST /api/guards/assign-site [32m201[0m 128.785 ms - 342[0m
[2026-08-27T11:13:23.806Z] POST /api/attendance/clock-in
[0mPOST /api/attendance/clock-in [32m201[0m 82.239 ms - 413[0m
[2026-08-27T11:13:23.891Z] POST /api/attendance/clock-out/6a901bcc8eaf4aa7e6fbb88a
[0mPOST /api/attendance/clock-out/6a901bcc8eaf4aa7e6fbb88a [32m200[0m 46.608 ms - 473[0m
[2026-08-27T11:13:23.941Z] POST /api/sites
[0mPOST /api/sites [32m201[0m 18.758 ms - 403[0m
[2026-08-27T11:13:23.967Z] POST /api/guards/register
[2026-08-27T11:13:24.225Z] GET /api/staff-attendance/grid?year=2026&month=9
[2026-08-27T11:13:24.235Z] GET /api/staff-attendance/summary?year=2026&month=9
[0mGET /api/staff-attendance/summary?year=2026&month=9 [32m200[0m 376.889 ms - 61245[0m
[0mGET /api/staff-attendance/grid?year=2026&month=9 [32m200[0m 428.452 ms - 169452[0m
[0mPOST /api/guards/register [32m201[0m 1473.071 ms - 633[0m
[2026-08-27T11:13:25.450Z] POST /api/guards/register
[0mPOST /api/guards/register [32m201[0m 792.392 ms - 629[0m
[2026-08-27T11:13:26.249Z] POST /api/auth/login
[0mPOST /api/auth/login [32m200[0m 742.844 ms - 612[0m
[2026-08-27T11:13:26.994Z] POST /api/auth/login
[0mPOST /api/auth/login [32m200[0m 742.255 ms - 609[0m
[2026-08-27T11:13:27.740Z] POST /api/guards/assign-site
[0mPOST /api/guards/assign-site [32m201[0m 22.544 ms - 342[0m
[2026-08-27T11:13:27.768Z] POST /api/attendance/clock-in
[0mPOST /api/attendance/clock-in [32m201[0m 26.192 ms - 413[0m
[2026-08-27T11:13:27.799Z] POST /api/attendance/clock-out/6a901bd58eaf4aa7e6fbb987
[0mPOST /api/attendance/clock-out/6a901bd58eaf4aa7e6fbb987 [32m200[0m 17.741 ms - 517[0m
[2026-08-27T11:13:27.820Z] POST /api/guards/assign-site
[0mPOST /api/guards/assign-site [32m201[0m 20.636 ms - 342[0m
[2026-08-27T11:13:27.845Z] POST /api/attendance/clock-in
[0mPOST /api/attendance/clock-in [33m400[0m 13.536 ms - 734[0m
[2026-08-27T11:13:27.861Z] POST /api/sites
[0mPOST /api/sites [32m201[0m 13.335 ms - 394[0m
[2026-08-27T11:13:27.879Z] POST /api/attendance/clock-in
[0mPOST /api/attendance/clock-in [32m201[0m 30.112 ms - 413[0m
[2026-08-27T11:13:27.912Z] POST /api/attendance/clock-out/6a901bd38eaf4aa7e6fbb977
[0mPOST /api/attendance/clock-out/6a901bd38eaf4aa7e6fbb977 [32m200[0m 21.157 ms - 473[0m
[2026-08-27T11:13:27.937Z] GET /api/employees?limit=1
[0mGET /api/employees?limit=1 [32m200[0m 23.677 ms - 615[0m
[2026-08-27T11:13:27.963Z] GET /api/sites?limit=1
[0mGET /api/sites?limit=1 [32m200[0m 12.688 ms - 459[0m
[2026-08-27T11:13:29.653Z] POST /api/staff-attendance/bulk
[0mPOST /api/staff-attendance/bulk [32m201[0m 2157.654 ms - 30841[0m
[2026-08-27T11:13:31.858Z] GET /api/staff-attendance/grid?year=2026&month=9
[0mGET /api/staff-attendance/grid?year=2026&month=9 [32m200[0m 145.466 ms - 169899[0m
[2026-08-27T11:13:32.038Z] GET /api/staff-attendance/summary?year=2026&month=9
[0mGET /api/staff-attendance/summary?year=2026&month=9 [32m200[0m 152.321 ms - 61243[0m
[2026-08-27T11:15:01.702Z] POST /api/staff-attendance/day
[0mPOST /api/staff-attendance/day [32m201[0m 43.072 ms - 344[0m
[2026-08-27T11:15:01.783Z] GET /api/staff-attendance/grid?year=2026&month=9
[0mGET /api/staff-attendance/grid?year=2026&month=9 [32m200[0m 119.937 ms - 169904[0m
[2026-08-27T11:15:01.938Z] GET /api/staff-attendance/summary?year=2026&month=9
[0mGET /api/staff-attendance/summary?year=2026&month=9 [32m200[0m 82.068 ms - 61243[0m
[2026-08-27T11:15:09.347Z] POST /api/staff-attendance/day
[0mPOST /api/staff-attendance/day [32m201[0m 107.620 ms - 344[0m
[2026-08-27T11:15:09.483Z] GET /api/staff-attendance/grid?year=2026&month=9
[0mGET /api/staff-attendance/grid?year=2026&month=9 [32m200[0m 130.996 ms - 169901[0m
[2026-08-27T11:15:09.650Z] GET /api/staff-attendance/summary?year=2026&month=9
[0mGET /api/staff-attendance/summary?year=2026&month=9 [32m200[0m 99.755 ms - 61243[0m
[2026-08-27T11:16:41.975Z] GET /api/employees?page=1&limit=20
[0mGET /api/employees?page=1&limit=20 [32m200[0m 46.117 ms - 10454[0m
[2026-08-27T11:16:42.083Z] GET /api/employees?page=1&limit=20
[0mGET /api/employees?page=1&limit=20 [36m304[0m 23.318 ms - -[0m
[2026-08-27T11:16:42.147Z] GET /api/employees?limit=1
[0mGET /api/employees?limit=1 [32m200[0m 15.073 ms - 615[0m
[2026-08-27T11:16:42.201Z] GET /api/employees?limit=1
[2026-08-27T11:16:42.213Z] GET /api/employees?limit=1&category=GUARD
[0mGET /api/employees?limit=1 [36m304[0m 26.002 ms - -[0m
[0mGET /api/employees?limit=1&category=GUARD [32m200[0m 28.934 ms - 615[0m
[2026-08-27T11:16:42.299Z] GET /api/employees?limit=1&category=GUARD
[0mGET /api/employees?limit=1&category=GUARD [36m304[0m 19.706 ms - -[0m
[2026-08-27T11:16:42.330Z] GET /api/employees?limit=1&category=OFFICE_STAFF
[0mGET /api/employees?limit=1&category=OFFICE_STAFF [32m200[0m 34.074 ms - 483[0m
[2026-08-27T11:16:42.415Z] GET /api/employees?limit=1&category=OFFICE_STAFF
[2026-08-27T11:16:42.426Z] GET /api/employees?limit=1&status=ON_LEAVE
[0mGET /api/employees?limit=1&category=OFFICE_STAFF [36m304[0m 24.486 ms - -[0m
[0mGET /api/employees?limit=1&status=ON_LEAVE [36m304[0m 18.239 ms - -[0m
[2026-08-27T11:16:42.480Z] GET /api/employees?limit=1&status=ON_LEAVE
[0mGET /api/employees?limit=1&status=ON_LEAVE [36m304[0m 12.990 ms - -[0m
[2026-08-27T11:19:17.973Z] POST /api/auth/login
[0mPOST /api/auth/login [32m200[0m 1021.457 ms - 571[0m
[2026-08-27T11:19:19.238Z] GET /api/employees?limit=1
[2026-08-27T11:19:19.259Z] GET /api/sites?limit=1
[0mGET /api/employees?limit=1 [36m304[0m 50.291 ms - -[0m
[0mGET /api/sites?limit=1 [32m200[0m 42.542 ms - 459[0m
[2026-08-27T11:19:19.482Z] GET /api/employees?limit=1
[0mGET /api/employees?limit=1 [36m304[0m 16.371 ms - -[0m
[2026-08-27T11:19:19.515Z] GET /api/sites?limit=1
[0mGET /api/sites?limit=1 [36m304[0m 50.609 ms - -[0m
[2026-08-27T11:34:53.453Z] POST /api/auth/login
[0mPOST /api/auth/login [32m200[0m 1137.909 ms - 566[0m
[2026-08-27T11:34:54.791Z] GET /api/employees?limit=1
[2026-08-27T11:34:54.799Z] GET /api/sites?limit=1
[0mGET /api/employees?limit=1 [36m304[0m 19.223 ms - -[0m
[0mGET /api/sites?limit=1 [36m304[0m 15.423 ms - -[0m
[2026-08-27T11:34:54.840Z] GET /api/employees?limit=1
[2026-08-27T11:34:54.856Z] GET /api/sites?limit=1
[0mGET /api/sites?limit=1 [36m304[0m 21.414 ms - -[0m
[0mGET /api/employees?limit=1 [36m304[0m 76.480 ms - -[0m
[2026-08-27T11:34:56.982Z] GET /api/staff-attendance/grid?year=2026&month=8
[0mGET /api/staff-attendance/grid?year=2026&month=8 [36m304[0m 149.309 ms - -[0m
[2026-08-27T11:34:57.147Z] GET /api/staff-attendance/summary?year=2026&month=8
[2026-08-27T11:34:57.301Z] GET /api/staff-attendance/grid?year=2026&month=8
[0mGET /api/staff-attendance/summary?year=2026&month=8 [36m304[0m 718.940 ms - -[0m
[0mGET /api/staff-attendance/grid?year=2026&month=8 [36m304[0m 793.724 ms - -[0m
[2026-08-27T11:34:58.151Z] GET /api/staff-attendance/summary?year=2026&month=8
[0mGET /api/staff-attendance/summary?year=2026&month=8 [36m304[0m 114.805 ms - -[0m
[2026-08-27T11:35:01.950Z] GET /api/staff-attendance/grid?year=2026&month=9
[2026-08-27T11:35:02.117Z] GET /api/staff-attendance/summary?year=2026&month=9
[0mGET /api/staff-attendance/grid?year=2026&month=9 [36m304[0m 286.527 ms - -[0m
[0mGET /api/staff-attendance/summary?year=2026&month=9 [36m304[0m 169.148 ms - -[0m
[2026-08-27T11:35:21.580Z] POST /api/staff-attendance/day
[0mPOST /api/staff-attendance/day [32m201[0m 35.635 ms - 345[0m
[2026-08-27T11:35:21.671Z] GET /api/staff-attendance/grid?year=2026&month=9
[0mGET /api/staff-attendance/grid?year=2026&month=9 [32m200[0m 167.057 ms - 169907[0m
[2026-08-27T11:35:21.886Z] GET /api/staff-attendance/summary?year=2026&month=9
[0mGET /api/staff-attendance/summary?year=2026&month=9 [32m200[0m 417.358 ms - 61245[0m
[2026-08-27T11:37:30.863Z] GET /api/staff-attendance/grid?year=2026&month=9
[2026-08-27T11:37:30.873Z] GET /api/staff-attendance/summary?year=2026&month=9
[0mGET /api/staff-attendance/grid?year=2026&month=9 [36m304[0m 597.940 ms - -[0m
[0mGET /api/staff-attendance/summary?year=2026&month=9 [36m304[0m 625.611 ms - -[0m
[2026-08-27T11:44:22.749Z] POST /api/auth/login
[0mPOST /api/auth/login [32m200[0m 3440.627 ms - 566[0m
[2026-08-27T11:44:26.220Z] POST /api/auth/login
[0mPOST /api/auth/login [32m200[0m 3822.524 ms - 592[0m
[2026-08-27T11:44:30.058Z] POST /api/auth/login
[0mPOST /api/auth/login [32m200[0m 2480.916 ms - 579[0m
[2026-08-27T11:44:32.557Z] POST /api/auth/login
[0mPOST /api/auth/login [32m200[0m 2447.684 ms - 571[0m
[2026-08-27T11:44:35.025Z] POST /api/auth/login
[0mPOST /api/auth/login [32m200[0m 4830.744 ms - 560[0m
[2026-08-27T11:44:39.870Z] POST /api/employees
[0mPOST /api/employees [32m201[0m 38.309 ms - 537[0m
[2026-08-27T11:44:39.929Z] GET /api/employees/6a9023278eaf4aa7e6fbbc7a
[0mGET /api/employees/6a9023278eaf4aa7e6fbbc7a [32m200[0m 18.568 ms - 537[0m
[2026-08-27T11:44:39.963Z] PUT /api/employees/6a9023278eaf4aa7e6fbbc7a
[0mPUT /api/employees/6a9023278eaf4aa7e6fbbc7a [32m200[0m 44.781 ms - 546[0m
[2026-08-27T11:44:40.030Z] POST /api/sites
[0mPOST /api/sites [32m201[0m 35.979 ms - 399[0m
[2026-08-27T11:44:40.084Z] GET /api/sites/6a9023288eaf4aa7e6fbbc84
[0mGET /api/sites/6a9023288eaf4aa7e6fbbc84 [32m200[0m 19.719 ms - 399[0m
[2026-08-27T11:44:40.124Z] PUT /api/sites/6a9023288eaf4aa7e6fbbc84
[0mPUT /api/sites/6a9023288eaf4aa7e6fbbc84 [32m200[0m 43.442 ms - 402[0m
[2026-08-27T11:44:40.172Z] POST /api/guards/register
[0mPOST /api/guards/register [32m201[0m 3800.124 ms - 644[0m
[2026-08-27T11:44:43.991Z] GET /api/guards/6a9023288eaf4aa7e6fbbc8f
[0mGET /api/guards/6a9023288eaf4aa7e6fbbc8f [32m200[0m 646.766 ms - 961[0m
[2026-08-27T11:44:44.641Z] POST /api/guards/register
[0mPOST /api/guards/register [31m500[0m 33.157 ms - 778[0m
[2026-08-27T11:44:44.688Z] GET /api/employees
[0mGET /api/employees [32m200[0m 34.412 ms - 10588[0m
[2026-08-27T11:44:44.730Z] POST /api/guards/assign-site
[0mPOST /api/guards/assign-site [32m201[0m 86.505 ms - 342[0m
[2026-08-27T11:44:44.831Z] POST /api/attendance/clock-in
[0mPOST /api/attendance/clock-in [32m201[0m 101.361 ms - 413[0m
[2026-08-27T11:44:44.941Z] POST /api/attendance/clock-out/6a9023288eaf4aa7e6fbbc8f
[0mPOST /api/attendance/clock-out/6a9023288eaf4aa7e6fbbc8f [32m200[0m 50.793 ms - 473[0m
[2026-08-27T11:44:45.014Z] PUT /api/attendance/6a90232c8eaf4aa7e6fbbcab/edit
[0mPUT /api/attendance/6a90232c8eaf4aa7e6fbbcab/edit [32m200[0m 240.024 ms - 529[0m
[2026-08-27T11:44:45.265Z] GET /api/audit-logs?entity=AttendanceRecord&limit=5
[0mGET /api/audit-logs?entity=AttendanceRecord&limit=5 [32m200[0m 68.493 ms - 3620[0m
[2026-08-27T11:44:45.341Z] POST /api/staff-attendance/unlock
[0mPOST /api/staff-attendance/unlock [32m200[0m 42.779 ms - 278[0m
[2026-08-27T11:44:45.400Z] POST /api/staff-attendance/day
[0mPOST /api/staff-attendance/day [32m201[0m 39.399 ms - 345[0m
[2026-08-27T11:44:45.449Z] GET /api/staff-attendance/grid?year=2028&month=3
[0mGET /api/staff-attendance/grid?year=2028&month=3 [32m200[0m 139.192 ms - 175352[0m
[2026-08-27T11:44:45.616Z] GET /api/staff-attendance/summary?year=2028&month=3
[0mGET /api/staff-attendance/summary?year=2028&month=3 [32m200[0m 138.216 ms - 61929[0m
[2026-08-27T11:44:45.771Z] POST /api/finance/periods
[0mPOST /api/finance/periods [33m409[0m 100.099 ms - 584[0m
[2026-08-27T11:44:45.921Z] GET /api/finance/periods
[0mGET /api/finance/periods [32m200[0m 63.121 ms - 7460[0m
[2026-08-27T11:44:45.996Z] PUT /api/finance/rates/6a83038f91e65df0d84d3963
[0mPUT /api/finance/rates/6a83038f91e65df0d84d3963 [32m200[0m 103.968 ms - 272[0m
[2026-08-27T11:44:46.106Z] GET /api/finance/rates/6a83038f91e65df0d84d3963
[0mGET /api/finance/rates/6a83038f91e65df0d84d3963 [32m200[0m 14.078 ms - 272[0m
[2026-08-27T11:44:46.128Z] POST /api/guard-payroll/generate/6a83038f91e65df0d84d3963
[0mPOST /api/guard-payroll/generate/6a83038f91e65df0d84d3963 [32m201[0m 13169.921 ms - 4809[0m
[2026-08-27T11:44:59.303Z] POST /api/guard-payroll/6a9023388eaf4aa7e6fbbddf/submit
[0mPOST /api/guard-payroll/6a9023388eaf4aa7e6fbbddf/submit [32m200[0m 218.432 ms - 707[0m
[2026-08-27T11:44:59.530Z] PUT /api/guard-payroll/6a9023388eaf4aa7e6fbbddf/rates
[0mPUT /api/guard-payroll/6a9023388eaf4aa7e6fbbddf/rates [32m200[0m 99.838 ms - 796[0m
[2026-08-27T11:44:59.648Z] POST /api/guard-payroll/6a9023388eaf4aa7e6fbbddf/calculate
[0mPOST /api/guard-payroll/6a9023388eaf4aa7e6fbbddf/calculate [32m200[0m 270.763 ms - 1715[0m
[2026-08-27T11:44:59.924Z] POST /api/guard-payroll/6a9023388eaf4aa7e6fbbddf/check
[0mPOST /api/guard-payroll/6a9023388eaf4aa7e6fbbddf/check [32m200[0m 664.926 ms - 932[0m
[2026-08-27T11:45:00.605Z] POST /api/guard-payroll/6a9023388eaf4aa7e6fbbddf/approve
[0mPOST /api/guard-payroll/6a9023388eaf4aa7e6fbbddf/approve [32m200[0m 1026.517 ms - 1013[0m
[2026-08-27T11:45:01.645Z] POST /api/guard-payroll/6a9023388eaf4aa7e6fbbddf/pay
[0mPOST /api/guard-payroll/6a9023388eaf4aa7e6fbbddf/pay [32m200[0m 871.392 ms - 1185[0m
[2026-08-27T11:45:02.534Z] GET /api/guard-payroll/6a9023388eaf4aa7e6fbbddf
[0mGET /api/guard-payroll/6a9023388eaf4aa7e6fbbddf [32m200[0m 193.368 ms - 2271[0m
[2026-08-27T11:45:02.733Z] POST /api/staff-attendance/lock
[0mPOST /api/staff-attendance/lock [32m200[0m 602.046 ms - 280[0m
[2026-08-27T11:45:03.343Z] POST /api/office-payroll/generate/6a83038f91e65df0d84d3963
[0mPOST /api/office-payroll/generate/6a83038f91e65df0d84d3963 [32m201[0m 5239.140 ms - 1128[0m
[2026-08-27T11:45:08.587Z] GET /api/office-payroll?payrollPeriodId=6a83038f91e65df0d84d3963
[0mGET /api/office-payroll?payrollPeriodId=6a83038f91e65df0d84d3963 [32m200[0m 96.882 ms - 28374[0m
[2026-08-27T11:45:08.698Z] PUT /api/office-payroll/6a9023448eaf4aa7e6fbbeb3/salary
[0mPUT /api/office-payroll/6a9023448eaf4aa7e6fbbeb3/salary [32m200[0m 101.847 ms - 597[0m
[2026-08-27T11:45:08.813Z] POST /api/office-payroll/6a9023448eaf4aa7e6fbbeb3/calculate
[0mPOST /api/office-payroll/6a9023448eaf4aa7e6fbbeb3/calculate [32m200[0m 216.599 ms - 1211[0m
[2026-08-27T11:45:09.047Z] POST /api/office-payroll/6a9023448eaf4aa7e6fbbeb3/submit
[0mPOST /api/office-payroll/6a9023448eaf4aa7e6fbbeb3/submit [32m200[0m 85.711 ms - 796[0m
[2026-08-27T11:45:09.146Z] POST /api/office-payroll/6a9023448eaf4aa7e6fbbeb3/check
[0mPOST /api/office-payroll/6a9023448eaf4aa7e6fbbeb3/check [32m200[0m 50.588 ms - 872[0m
[2026-08-27T11:45:09.202Z] POST /api/office-payroll/6a9023448eaf4aa7e6fbbeb3/approve
[0mPOST /api/office-payroll/6a9023448eaf4aa7e6fbbeb3/approve [32m200[0m 52.660 ms - 953[0m
[2026-08-27T11:45:09.262Z] POST /api/office-payroll/6a9023448eaf4aa7e6fbbeb3/pay
[0mPOST /api/office-payroll/6a9023448eaf4aa7e6fbbeb3/pay [32m200[0m 72.299 ms - 1094[0m
[2026-08-27T11:45:09.339Z] GET /api/office-payroll/6a9023448eaf4aa7e6fbbeb3
[0mGET /api/office-payroll/6a9023448eaf4aa7e6fbbeb3 [32m200[0m 31.988 ms - 1820[0m
[2026-08-27T11:45:09.387Z] POST /api/employees
[0mPOST /api/employees [32m201[0m 34.634 ms - 420[0m
[2026-08-27T11:45:09.430Z] POST /api/finance/periods
[0mPOST /api/finance/periods [33m403[0m 14.393 ms - 1353[0m
[2026-08-27T11:45:09.449Z] POST /api/employees
[0mPOST /api/employees [33m403[0m 6.361 ms - 1353[0m
[2026-08-27T11:45:09.461Z] GET /api/guard-payroll
[0mGET /api/guard-payroll [32m200[0m 94.421 ms - 34933[0m
[2026-08-27T11:45:09.582Z] GET /api/audit-logs
[0mGET /api/audit-logs [32m200[0m 321.722 ms - 12420[0m
[2026-08-27T11:45:10.089Z] POST /api/finance/periods
[0mPOST /api/finance/periods [33m403[0m 25.699 ms - 1353[0m
[2026-08-27T11:45:10.132Z] GET /api/finance/periods
[0mGET /api/finance/periods [32m200[0m 36.856 ms - 7462[0m
[2026-08-27T11:45:10.196Z] POST /api/auth/login
[0mPOST /api/auth/login [32m200[0m 4493.623 ms - 618[0m
[2026-08-27T11:45:14.723Z] POST /api/attendance/clock-in
[0mPOST /api/attendance/clock-in [32m201[0m 165.760 ms - 413[0m
[2026-08-27T11:45:14.897Z] POST /api/employees
[0mPOST /api/employees [33m403[0m 6.253 ms - 1353[0m
[2026-08-27T11:45:14.906Z] GET /api/finance/periods
[0mGET /api/finance/periods [33m403[0m 13.556 ms - 1353[0m
[2026-08-27T11:45:14.928Z] DELETE /api/employees/6a9023278eaf4aa7e6fbbc7a
[0mDELETE /api/employees/6a9023278eaf4aa7e6fbbc7a [33m403[0m 6.773 ms - 1367[0m
[2026-08-27T11:45:14.940Z] DELETE /api/employees/6a9023458eaf4aa7e6fbbeeb
[0mDELETE /api/employees/6a9023458eaf4aa7e6fbbeeb [33m403[0m 15.164 ms - 1367[0m
[2026-08-27T11:45:14.965Z] POST /api/guards/register
[0mPOST /api/guards/register [32m201[0m 3507.341 ms - 639[0m
[2026-08-27T11:45:18.502Z] POST /api/guards/register
[0mPOST /api/guards/register [32m201[0m 4185.422 ms - 639[0m
[2026-08-27T11:45:22.705Z] POST /api/guards/assign-site
[0mPOST /api/guards/assign-site [32m201[0m 199.003 ms - 342[0m
[2026-08-27T11:45:22.919Z] POST /api/guards/assign-site
[0mPOST /api/guards/assign-site [32m201[0m 535.439 ms - 342[0m
[2026-08-27T11:45:23.470Z] POST /api/guards/assign-site
[0mPOST /api/guards/assign-site [33m403[0m 31.587 ms - 1353[0m
[2026-08-27T11:45:23.515Z] POST /api/guards/register
[0mPOST /api/guards/register [32m201[0m 9821.596 ms - 637[0m
[2026-08-27T11:45:33.361Z] POST /api/guards/register
[0mPOST /api/guards/register [32m201[0m 28568.390 ms - 637[0m
[2026-08-27T11:46:01.935Z] POST /api/guards/register
[0mPOST /api/guards/register [32m201[0m 23923.587 ms - 637[0m
[2026-08-27T11:46:25.865Z] POST /api/auth/login
[0mPOST /api/auth/login [32m200[0m 13313.094 ms - 613[0m
[2026-08-27T11:46:39.185Z] POST /api/auth/login
[0mPOST /api/auth/login [32m200[0m 2780.473 ms - 613[0m
[2026-08-27T11:46:41.969Z] POST /api/auth/login
[0mPOST /api/auth/login [0m-[0m - ms - -[0m
[2026-08-27T11:47:03.514Z] POST /api/auth/login
[0mPOST /api/auth/login [32m200[0m 623.609 ms - 566[0m
[2026-08-27T11:47:04.150Z] POST /api/auth/login
[0mPOST /api/auth/login [32m200[0m 636.065 ms - 592[0m
[2026-08-27T11:47:04.790Z] POST /api/auth/login
[0mPOST /api/auth/login [32m200[0m 650.697 ms - 579[0m
[2026-08-27T11:47:05.445Z] POST /api/auth/login
[0mPOST /api/auth/login [32m200[0m 624.598 ms - 571[0m
[2026-08-27T11:47:06.074Z] POST /api/auth/login
[0mPOST /api/auth/login [32m200[0m 634.253 ms - 560[0m
[2026-08-27T11:47:06.715Z] POST /api/employees
[0mPOST /api/employees [32m201[0m 11.748 ms - 537[0m
[2026-08-27T11:47:06.731Z] GET /api/employees/6a9023ba8eaf4aa7e6fbbf55
[0mGET /api/employees/6a9023ba8eaf4aa7e6fbbf55 [32m200[0m 8.298 ms - 537[0m
[2026-08-27T11:47:06.743Z] PUT /api/employees/6a9023ba8eaf4aa7e6fbbf55
[0mPUT /api/employees/6a9023ba8eaf4aa7e6fbbf55 [32m200[0m 11.947 ms - 546[0m
[2026-08-27T11:47:06.761Z] POST /api/sites
[0mPOST /api/sites [32m201[0m 11.499 ms - 399[0m
[2026-08-27T11:47:06.779Z] GET /api/sites/6a9023ba8eaf4aa7e6fbbf5f
[0mGET /api/sites/6a9023ba8eaf4aa7e6fbbf5f [32m200[0m 8.392 ms - 399[0m
[2026-08-27T11:47:06.791Z] PUT /api/sites/6a9023ba8eaf4aa7e6fbbf5f
[0mPUT /api/sites/6a9023ba8eaf4aa7e6fbbf5f [32m200[0m 11.308 ms - 402[0m
[2026-08-27T11:47:06.806Z] POST /api/guards/register
[0mPOST /api/guards/register [32m201[0m 643.686 ms - 644[0m
[2026-08-27T11:47:07.455Z] GET /api/guards/6a9023ba8eaf4aa7e6fbbf6a
[0mGET /api/guards/6a9023ba8eaf4aa7e6fbbf6a [32m200[0m 19.650 ms - 961[0m
[2026-08-27T11:47:07.477Z] POST /api/guards/register
[0mPOST /api/guards/register [31m500[0m 13.497 ms - 778[0m
[2026-08-27T11:47:07.493Z] GET /api/employees
[0mGET /api/employees [32m200[0m 14.880 ms - 10473[0m
[2026-08-27T11:47:07.511Z] POST /api/guards/assign-site
[0mPOST /api/guards/assign-site [32m201[0m 19.979 ms - 342[0m
[2026-08-27T11:47:07.539Z] POST /api/attendance/clock-in
[0mPOST /api/attendance/clock-in [32m201[0m 37.060 ms - 413[0m
[2026-08-27T11:47:07.579Z] POST /api/attendance/clock-out/6a9023ba8eaf4aa7e6fbbf6a
[0mPOST /api/attendance/clock-out/6a9023ba8eaf4aa7e6fbbf6a [32m200[0m 19.002 ms - 474[0m
[2026-08-27T11:47:07.602Z] PUT /api/attendance/6a9023bb8eaf4aa7e6fbbf86/edit
[0mPUT /api/attendance/6a9023bb8eaf4aa7e6fbbf86/edit [32m200[0m 20.685 ms - 529[0m
[2026-08-27T11:47:07.626Z] GET /api/audit-logs?entity=AttendanceRecord&limit=5
[0mGET /api/audit-logs?entity=AttendanceRecord&limit=5 [32m200[0m 17.186 ms - 3598[0m
[2026-08-27T11:47:07.647Z] POST /api/staff-attendance/unlock
[0mPOST /api/staff-attendance/unlock [32m200[0m 14.887 ms - 278[0m
[2026-08-27T11:47:07.666Z] POST /api/staff-attendance/day
[0mPOST /api/staff-attendance/day [32m201[0m 16.609 ms - 345[0m
[2026-08-27T11:47:07.687Z] GET /api/staff-attendance/grid?year=2028&month=3
[0mGET /api/staff-attendance/grid?year=2028&month=3 [32m200[0m 55.027 ms - 178953[0m
[2026-08-27T11:47:07.749Z] GET /api/staff-attendance/summary?year=2028&month=3
[0mGET /api/staff-attendance/summary?year=2028&month=3 [32m200[0m 46.071 ms - 63187[0m
[2026-08-27T11:47:07.800Z] POST /api/finance/periods
[0mPOST /api/finance/periods [33m409[0m 8.462 ms - 584[0m
[2026-08-27T11:47:07.810Z] GET /api/finance/periods
[0mGET /api/finance/periods [32m200[0m 10.241 ms - 7460[0m
[2026-08-27T11:47:07.823Z] PUT /api/finance/rates/6a83038f91e65df0d84d3963
[0mPUT /api/finance/rates/6a83038f91e65df0d84d3963 [32m200[0m 9.553 ms - 272[0m
[2026-08-27T11:47:07.837Z] GET /api/finance/rates/6a83038f91e65df0d84d3963
[0mGET /api/finance/rates/6a83038f91e65df0d84d3963 [32m200[0m 6.080 ms - 272[0m
[2026-08-27T11:47:07.846Z] POST /api/guard-payroll/generate/6a83038f91e65df0d84d3963
[0mPOST /api/guard-payroll/generate/6a83038f91e65df0d84d3963 [32m201[0m 1081.526 ms - 1819[0m
[2026-08-27T11:47:08.932Z] POST /api/guard-payroll/6a9023bc8eaf4aa7e6fbc0c2/submit
[0mPOST /api/guard-payroll/6a9023bc8eaf4aa7e6fbc0c2/submit [32m200[0m 15.255 ms - 707[0m
[2026-08-27T11:47:08.953Z] PUT /api/guard-payroll/6a9023bc8eaf4aa7e6fbc0c2/rates
[0mPUT /api/guard-payroll/6a9023bc8eaf4aa7e6fbc0c2/rates [32m200[0m 10.822 ms - 796[0m
[2026-08-27T11:47:08.968Z] POST /api/guard-payroll/6a9023bc8eaf4aa7e6fbc0c2/calculate
[0mPOST /api/guard-payroll/6a9023bc8eaf4aa7e6fbc0c2/calculate [32m200[0m 28.926 ms - 1715[0m
[2026-08-27T11:47:09.002Z] POST /api/guard-payroll/6a9023bc8eaf4aa7e6fbc0c2/check
[0mPOST /api/guard-payroll/6a9023bc8eaf4aa7e6fbc0c2/check [32m200[0m 17.614 ms - 932[0m
[2026-08-27T11:47:09.024Z] POST /api/guard-payroll/6a9023bc8eaf4aa7e6fbc0c2/approve
[0mPOST /api/guard-payroll/6a9023bc8eaf4aa7e6fbc0c2/approve [32m200[0m 16.835 ms - 1013[0m
[2026-08-27T11:47:09.045Z] POST /api/guard-payroll/6a9023bc8eaf4aa7e6fbc0c2/pay
[0mPOST /api/guard-payroll/6a9023bc8eaf4aa7e6fbc0c2/pay [32m200[0m 21.441 ms - 1185[0m
[2026-08-27T11:47:09.071Z] GET /api/guard-payroll/6a9023bc8eaf4aa7e6fbc0c2
[0mGET /api/guard-payroll/6a9023bc8eaf4aa7e6fbc0c2 [32m200[0m 14.174 ms - 2271[0m
[2026-08-27T11:47:09.088Z] POST /api/staff-attendance/lock
[0mPOST /api/staff-attendance/lock [32m200[0m 11.113 ms - 280[0m
[2026-08-27T11:47:09.104Z] POST /api/office-payroll/generate/6a83038f91e65df0d84d3963
[0mPOST /api/office-payroll/generate/6a83038f91e65df0d84d3963 [32m201[0m 398.255 ms - 1128[0m
[2026-08-27T11:47:09.506Z] GET /api/office-payroll?payrollPeriodId=6a83038f91e65df0d84d3963
[0mGET /api/office-payroll?payrollPeriodId=6a83038f91e65df0d84d3963 [32m200[0m 40.426 ms - 28791[0m
[2026-08-27T11:47:09.550Z] PUT /api/office-payroll/6a9023bd8eaf4aa7e6fbc175/salary
[0mPUT /api/office-payroll/6a9023bd8eaf4aa7e6fbc175/salary [32m200[0m 14.286 ms - 597[0m
[2026-08-27T11:47:09.569Z] POST /api/office-payroll/6a9023bd8eaf4aa7e6fbc175/calculate
[0mPOST /api/office-payroll/6a9023bd8eaf4aa7e6fbc175/calculate [32m200[0m 27.444 ms - 1211[0m
[2026-08-27T11:47:09.602Z] POST /api/office-payroll/6a9023bd8eaf4aa7e6fbc175/submit
[0mPOST /api/office-payroll/6a9023bd8eaf4aa7e6fbc175/submit [32m200[0m 19.637 ms - 796[0m
[2026-08-27T11:47:09.625Z] POST /api/office-payroll/6a9023bd8eaf4aa7e6fbc175/check
[0mPOST /api/office-payroll/6a9023bd8eaf4aa7e6fbc175/check [32m200[0m 16.772 ms - 872[0m
[2026-08-27T11:47:09.646Z] POST /api/office-payroll/6a9023bd8eaf4aa7e6fbc175/approve
[0mPOST /api/office-payroll/6a9023bd8eaf4aa7e6fbc175/approve [32m200[0m 15.101 ms - 953[0m
[2026-08-27T11:47:09.665Z] POST /api/office-payroll/6a9023bd8eaf4aa7e6fbc175/pay
[0mPOST /api/office-payroll/6a9023bd8eaf4aa7e6fbc175/pay [32m200[0m 24.856 ms - 1094[0m
[2026-08-27T11:47:09.694Z] GET /api/office-payroll/6a9023bd8eaf4aa7e6fbc175
[0mGET /api/office-payroll/6a9023bd8eaf4aa7e6fbc175 [32m200[0m 17.542 ms - 1820[0m
[2026-08-27T11:47:09.716Z] POST /api/employees
[0mPOST /api/employees [32m201[0m 21.541 ms - 420[0m
[2026-08-27T11:47:09.742Z] POST /api/finance/periods
[0mPOST /api/finance/periods [33m403[0m 4.657 ms - 1353[0m
[2026-08-27T11:47:09.752Z] POST /api/employees
[0mPOST /api/employees [33m403[0m 4.966 ms - 1353[0m
[2026-08-27T11:47:09.759Z] GET /api/guard-payroll
[0mGET /api/guard-payroll [32m200[0m 42.562 ms - 35522[0m
[2026-08-27T11:47:09.805Z] GET /api/audit-logs
[0mGET /api/audit-logs [32m200[0m 17.455 ms - 12421[0m
[2026-08-27T11:47:09.826Z] POST /api/finance/periods
[0mPOST /api/finance/periods [33m403[0m 4.722 ms - 1353[0m
[2026-08-27T11:47:09.834Z] GET /api/finance/periods
[0mGET /api/finance/periods [32m200[0m 10.345 ms - 7462[0m
[2026-08-27T11:47:09.848Z] POST /api/auth/login
[0mPOST /api/auth/login [32m200[0m 631.883 ms - 618[0m
[2026-08-27T11:47:10.482Z] POST /api/attendance/clock-in
[0mPOST /api/attendance/clock-in [32m201[0m 27.365 ms - 413[0m
[2026-08-27T11:47:10.513Z] POST /api/employees
[0mPOST /api/employees [33m403[0m 4.586 ms - 1353[0m
[2026-08-27T11:47:10.520Z] GET /api/finance/periods
[0mGET /api/finance/periods [33m403[0m 4.519 ms - 1353[0m
[2026-08-27T11:47:10.527Z] DELETE /api/employees/6a9023ba8eaf4aa7e6fbbf55
[0mDELETE /api/employees/6a9023ba8eaf4aa7e6fbbf55 [33m403[0m 4.399 ms - 1367[0m
[2026-08-27T11:47:10.533Z] DELETE /api/employees/6a9023bd8eaf4aa7e6fbc1ad
[0mDELETE /api/employees/6a9023bd8eaf4aa7e6fbc1ad [33m403[0m 4.884 ms - 1367[0m
[2026-08-27T11:47:10.541Z] POST /api/guards/register
[0mPOST /api/guards/register [32m201[0m 723.643 ms - 639[0m
[2026-08-27T11:47:11.270Z] POST /api/guards/register
[0mPOST /api/guards/register [32m201[0m 1026.295 ms - 639[0m
[2026-08-27T11:47:12.302Z] POST /api/guards/assign-site
[0mPOST /api/guards/assign-site [32m201[0m 26.094 ms - 342[0m
[2026-08-27T11:47:12.332Z] POST /api/guards/assign-site
[0mPOST /api/guards/assign-site [32m201[0m 19.567 ms - 342[0m
[2026-08-27T11:47:12.356Z] POST /api/guards/assign-site
[0mPOST /api/guards/assign-site [33m403[0m 4.370 ms - 1353[0m
[2026-08-27T11:47:12.363Z] POST /api/guards/register
[0mPOST /api/guards/register [32m201[0m 716.668 ms - 637[0m
[2026-08-27T11:47:13.087Z] POST /api/guards/register
[0mPOST /api/guards/register [32m201[0m 751.299 ms - 637[0m
[2026-08-27T11:47:13.843Z] POST /api/guards/register
[0mPOST /api/guards/register [32m201[0m 698.708 ms - 637[0m
[2026-08-27T11:47:14.547Z] POST /api/auth/login
[0mPOST /api/auth/login [32m200[0m 693.373 ms - 613[0m
[2026-08-27T11:47:15.245Z] POST /api/auth/login
[0mPOST /api/auth/login [32m200[0m 704.878 ms - 613[0m
[2026-08-27T11:47:15.954Z] POST /api/auth/login
[0mPOST /api/auth/login [32m200[0m 706.807 ms - 613[0m
[2026-08-27T11:47:16.663Z] POST /api/sites
[0mPOST /api/sites [32m201[0m 10.941 ms - 406[0m
[2026-08-27T11:47:16.678Z] POST /api/guards/assign-site
[0mPOST /api/guards/assign-site [32m201[0m 31.009 ms - 342[0m
[2026-08-27T11:47:16.713Z] POST /api/attendance/clock-in
[0mPOST /api/attendance/clock-in [32m201[0m 30.523 ms - 413[0m
[2026-08-27T11:47:16.746Z] POST /api/attendance/clock-out/6a9023c08eaf4aa7e6fbc1ea
[0mPOST /api/attendance/clock-out/6a9023c08eaf4aa7e6fbc1ea [32m200[0m 22.907 ms - 473[0m
[2026-08-27T11:47:16.772Z] POST /api/guards/assign-site
[0mPOST /api/guards/assign-site [32m201[0m 17.811 ms - 342[0m
[2026-08-27T11:47:16.793Z] GET /api/attendance/on-duty/6a9023c48eaf4aa7e6fbc20d
[0mGET /api/attendance/on-duty/6a9023c48eaf4aa7e6fbc20d [32m200[0m 7.710 ms - 26[0m
[2026-08-27T11:47:16.804Z] POST /api/attendance/clock-in
[0mPOST /api/attendance/clock-in [32m201[0m 29.694 ms - 413[0m
[2026-08-27T11:47:16.836Z] POST /api/attendance/clock-out/6a9023c18eaf4aa7e6fbc1f4
[0mPOST /api/attendance/clock-out/6a9023c18eaf4aa7e6fbc1f4 [32m200[0m 21.993 ms - 473[0m
[2026-08-27T11:47:16.862Z] POST /api/sites
[0mPOST /api/sites [32m201[0m 10.467 ms - 407[0m
[2026-08-27T11:47:16.881Z] POST /api/guards/assign-site
[0mPOST /api/guards/assign-site [32m201[0m 54.256 ms - 342[0m
[2026-08-27T11:47:16.940Z] POST /api/guards/assign-site
[0mPOST /api/guards/assign-site [32m201[0m 27.681 ms - 342[0m
[2026-08-27T11:47:16.972Z] POST /api/guards/assign-site
[0mPOST /api/guards/assign-site [32m201[0m 23.216 ms - 342[0m
[2026-08-27T11:47:17.000Z] GET /api/attendance/on-duty/6a9023c48eaf4aa7e6fbc241
[0mGET /api/attendance/on-duty/6a9023c48eaf4aa7e6fbc241 [32m200[0m 7.826 ms - 26[0m
[2026-08-27T11:47:17.011Z] POST /api/attendance/clock-in
[0mPOST /api/attendance/clock-in [32m201[0m 33.374 ms - 413[0m
[2026-08-27T11:47:17.047Z] GET /api/attendance/on-duty/6a9023c48eaf4aa7e6fbc241
[0mGET /api/attendance/on-duty/6a9023c48eaf4aa7e6fbc241 [32m200[0m 8.142 ms - 52[0m
[2026-08-27T11:47:17.058Z] POST /api/attendance/clock-in
[0mPOST /api/attendance/clock-in [32m201[0m 28.059 ms - 413[0m
[2026-08-27T11:47:17.088Z] GET /api/attendance/on-duty/6a9023c48eaf4aa7e6fbc241
[0mGET /api/attendance/on-duty/6a9023c48eaf4aa7e6fbc241 [32m200[0m 7.115 ms - 79[0m
[2026-08-27T11:47:17.098Z] POST /api/attendance/clock-in
[0mPOST /api/attendance/clock-in [32m201[0m 29.297 ms - 413[0m
[2026-08-27T11:47:17.130Z] GET /api/attendance/active/6a9023c08eaf4aa7e6fbc1ea
[0mGET /api/attendance/active/6a9023c08eaf4aa7e6fbc1ea [32m200[0m 12.053 ms - 770[0m
[2026-08-27T11:47:17.145Z] POST /api/attendance/clock-in
[0mPOST /api/attendance/clock-in [33m409[0m 8.476 ms - 654[0m
[2026-08-27T11:47:17.156Z] POST /api/attendance/clock-out/6a9023c08eaf4aa7e6fbc1ea
[0mPOST /api/attendance/clock-out/6a9023c08eaf4aa7e6fbc1ea [32m200[0m 40.469 ms - 503[0m
[2026-08-27T11:47:17.202Z] GET /api/attendance/recent/6a9023c08eaf4aa7e6fbc1ea?days=1
[0mGET /api/attendance/recent/6a9023c08eaf4aa7e6fbc1ea?days=1 [32m200[0m 19.983 ms - 1668[0m
[2026-08-27T11:47:17.235Z] POST /api/attendance/clock-in
[0mPOST /api/attendance/clock-in [33m409[0m 17.471 ms - 654[0m
[2026-08-27T11:47:17.256Z] GET /api/attendance/coverage-alerts/6a9023c48eaf4aa7e6fbc241
[0mGET /api/attendance/coverage-alerts/6a9023c48eaf4aa7e6fbc241 [32m200[0m 11.822 ms - 90[0m
[2026-08-27T11:47:17.271Z] GET /api/attendance/active/6a9023c18eaf4aa7e6fbc1f4
[0mGET /api/attendance/active/6a9023c18eaf4aa7e6fbc1f4 [32m200[0m 10.793 ms - 770[0m
[2026-08-27T11:47:17.286Z] POST /api/attendance/override-clockout/6a9023c58eaf4aa7e6fbc26d
[0mPOST /api/attendance/override-clockout/6a9023c58eaf4aa7e6fbc26d [32m200[0m 28.659 ms - 563[0m
[2026-08-27T11:47:17.318Z] POST /api/sites
[0mPOST /api/sites [32m201[0m 13.088 ms - 391[0m
[2026-08-27T11:47:17.336Z] POST /api/guards/register
[0mPOST /api/guards/register [32m201[0m 672.160 ms - 632[0m
[2026-08-27T11:47:18.018Z] POST /api/auth/login
[0mPOST /api/auth/login [32m200[0m 712.594 ms - 612[0m
[2026-08-27T11:47:18.734Z] POST /api/attendance/clock-in
[0mPOST /api/attendance/clock-in [32m201[0m 40.692 ms - 413[0m
[2026-08-27T11:47:18.778Z] GET /api/attendance/active/6a9023c58eaf4aa7e6fbc29d
[0mGET /api/attendance/active/6a9023c58eaf4aa7e6fbc29d [32m200[0m 253.441 ms - 754[0m
[2026-08-27T11:47:19.041Z] POST /api/attendance/override-clockout/6a9023c68eaf4aa7e6fbc2aa
[0mPOST /api/attendance/override-clockout/6a9023c68eaf4aa7e6fbc2aa [33m403[0m 5.112 ms - 1367[0m
[2026-08-27T11:47:19.056Z] POST /api/attendance/override-clockout/6a9023c68eaf4aa7e6fbc2aa
[0mPOST /api/attendance/override-clockout/6a9023c68eaf4aa7e6fbc2aa [32m200[0m 40.049 ms - 548[0m
[2026-08-27T11:47:19.108Z] GET /api/attendance/on-duty/6a9023c48eaf4aa7e6fbc241
[0mGET /api/attendance/on-duty/6a9023c48eaf4aa7e6fbc241 [32m200[0m 7.482 ms - 52[0m
[2026-08-27T11:47:19.121Z] GET /api/attendance/active/6a9023c18eaf4aa7e6fbc1fe
[0mGET /api/attendance/active/6a9023c18eaf4aa7e6fbc1fe [32m200[0m 124.169 ms - 770[0m
[2026-08-27T11:47:19.248Z] POST /api/attendance/clock-out/6a9023c18eaf4aa7e6fbc1fe
[0mPOST /api/attendance/clock-out/6a9023c18eaf4aa7e6fbc1fe [32m200[0m 31.457 ms - 471[0m
[2026-08-27T11:47:19.285Z] POST /api/guards/assign-site
[0mPOST /api/guards/assign-site [32m201[0m 129.306 ms - 342[0m
[2026-08-27T11:47:19.431Z] POST /api/attendance/clock-in
[0mPOST /api/attendance/clock-in [32m201[0m 53.615 ms - 413[0m
[2026-08-27T11:47:19.492Z] POST /api/attendance/clock-out/6a9023c18eaf4aa7e6fbc1fe
[0mPOST /api/attendance/clock-out/6a9023c18eaf4aa7e6fbc1fe [32m200[0m 266.183 ms - 473[0m
[2026-08-27T11:47:19.764Z] POST /api/sites
[0mPOST /api/sites [32m201[0m 115.308 ms - 403[0m
[2026-08-27T11:47:19.888Z] POST /api/guards/register
[0mPOST /api/guards/register [32m201[0m 2243.412 ms - 633[0m
[2026-08-27T11:47:22.140Z] POST /api/guards/register
[0mPOST /api/guards/register [32m201[0m 3242.318 ms - 629[0m
[2026-08-27T11:47:25.389Z] POST /api/auth/login
[0mPOST /api/auth/login [32m200[0m 1097.791 ms - 612[0m
[2026-08-27T11:47:26.492Z] POST /api/auth/login
[0mPOST /api/auth/login [32m200[0m 887.979 ms - 609[0m
[2026-08-27T11:47:27.398Z] POST /api/guards/assign-site
[0mPOST /api/guards/assign-site [32m201[0m 141.181 ms - 342[0m
[2026-08-27T11:47:27.547Z] POST /api/attendance/clock-in
[0mPOST /api/attendance/clock-in [32m201[0m 44.786 ms - 413[0m
[2026-08-27T11:47:27.595Z] POST /api/attendance/clock-out/6a9023ca8eaf4aa7e6fbc2e9
[0mPOST /api/attendance/clock-out/6a9023ca8eaf4aa7e6fbc2e9 [32m200[0m 27.632 ms - 517[0m
[2026-08-27T11:47:27.627Z] POST /api/guards/assign-site
[0mPOST /api/guards/assign-site [32m201[0m 107.533 ms - 342[0m
[2026-08-27T11:47:27.740Z] POST /api/attendance/clock-in
[0mPOST /api/attendance/clock-in [33m400[0m 15.886 ms - 734[0m
[2026-08-27T11:47:27.765Z] POST /api/sites
[0mPOST /api/sites [32m201[0m 364.622 ms - 394[0m
[2026-08-27T11:47:28.138Z] POST /api/attendance/clock-in
[0mPOST /api/attendance/clock-in [32m201[0m 60.012 ms - 413[0m
[2026-08-27T11:47:28.219Z] POST /api/attendance/clock-out/6a9023c78eaf4aa7e6fbc2df
[0mPOST /api/attendance/clock-out/6a9023c78eaf4aa7e6fbc2df [32m200[0m 72.575 ms - 473[0m
[2026-08-27T11:47:28.296Z] GET /api/employees?limit=1
[0mGET /api/employees?limit=1 [32m200[0m 315.965 ms - 615[0m
[2026-08-27T11:47:28.615Z] GET /api/sites?limit=1
[0mGET /api/sites?limit=1 [32m200[0m 31.263 ms - 459[0m
[2026-08-27T11:48:00.606Z] POST /api/auth/login
[0mPOST /api/auth/login [32m200[0m 765.719 ms - 566[0m
[2026-08-27T11:48:01.390Z] POST /api/auth/login
[0mPOST /api/auth/login [32m200[0m 1024.015 ms - 592[0m
[2026-08-27T11:48:02.422Z] POST /api/auth/login
[0mPOST /api/auth/login [32m200[0m 990.367 ms - 579[0m
[2026-08-27T11:48:03.420Z] POST /api/auth/login
[0mPOST /api/auth/login [32m200[0m 804.051 ms - 571[0m
[2026-08-27T11:48:04.230Z] POST /api/auth/login
[0mPOST /api/auth/login [32m200[0m 798.658 ms - 560[0m
[2026-08-27T11:48:05.034Z] POST /api/employees
[0mPOST /api/employees [32m201[0m 14.779 ms - 537[0m
[2026-08-27T11:48:05.054Z] GET /api/employees/6a9023f58eaf4aa7e6fbc335
[0mGET /api/employees/6a9023f58eaf4aa7e6fbc335 [32m200[0m 8.285 ms - 537[0m
[2026-08-27T11:48:05.067Z] PUT /api/employees/6a9023f58eaf4aa7e6fbc335
[0mPUT /api/employees/6a9023f58eaf4aa7e6fbc335 [32m200[0m 12.154 ms - 546[0m
[2026-08-27T11:48:05.087Z] POST /api/sites
[0mPOST /api/sites [32m201[0m 20.222 ms - 399[0m
[2026-08-27T11:48:05.120Z] GET /api/sites/6a9023f58eaf4aa7e6fbc33f
[0mGET /api/sites/6a9023f58eaf4aa7e6fbc33f [32m200[0m 8.541 ms - 399[0m
[2026-08-27T11:48:05.137Z] PUT /api/sites/6a9023f58eaf4aa7e6fbc33f
[0mPUT /api/sites/6a9023f58eaf4aa7e6fbc33f [32m200[0m 49.002 ms - 402[0m
[2026-08-27T11:48:05.196Z] POST /api/guards/register
[0mPOST /api/guards/register [32m201[0m 1209.967 ms - 644[0m
[2026-08-27T11:48:06.411Z] GET /api/guards/6a9023f58eaf4aa7e6fbc34a
[0mGET /api/guards/6a9023f58eaf4aa7e6fbc34a [32m200[0m 22.857 ms - 961[0m
[2026-08-27T11:48:06.437Z] POST /api/guards/register
[0mPOST /api/guards/register [31m500[0m 16.086 ms - 778[0m
[2026-08-27T11:48:06.457Z] GET /api/employees
[0mGET /api/employees [32m200[0m 19.253 ms - 10473[0m
[2026-08-27T11:48:06.482Z] POST /api/guards/assign-site
[0mPOST /api/guards/assign-site [32m201[0m 26.256 ms - 342[0m
[2026-08-27T11:48:06.512Z] POST /api/attendance/clock-in
[0mPOST /api/attendance/clock-in [32m201[0m 27.620 ms - 413[0m
[2026-08-27T11:48:06.543Z] POST /api/attendance/clock-out/6a9023f58eaf4aa7e6fbc34a
[0mPOST /api/attendance/clock-out/6a9023f58eaf4aa7e6fbc34a [32m200[0m 18.433 ms - 473[0m
[2026-08-27T11:48:06.568Z] PUT /api/attendance/6a9023f68eaf4aa7e6fbc366/edit
[0mPUT /api/attendance/6a9023f68eaf4aa7e6fbc366/edit [32m200[0m 31.345 ms - 529[0m
[2026-08-27T11:48:06.604Z] GET /api/audit-logs?entity=AttendanceRecord&limit=5
[0mGET /api/audit-logs?entity=AttendanceRecord&limit=5 [32m200[0m 24.307 ms - 3584[0m
[2026-08-27T11:48:06.634Z] POST /api/staff-attendance/unlock
[0mPOST /api/staff-attendance/unlock [32m200[0m 20.680 ms - 278[0m
[2026-08-27T11:48:06.659Z] POST /api/staff-attendance/day
[0mPOST /api/staff-attendance/day [32m201[0m 29.711 ms - 345[0m
[2026-08-27T11:48:06.692Z] GET /api/staff-attendance/grid?year=2028&month=3
[0mGET /api/staff-attendance/grid?year=2028&month=3 [32m200[0m 110.879 ms - 182554[0m
[2026-08-27T11:48:06.814Z] GET /api/staff-attendance/summary?year=2028&month=3
[0mGET /api/staff-attendance/summary?year=2028&month=3 [32m200[0m 60.663 ms - 64445[0m
[2026-08-27T11:48:06.883Z] POST /api/finance/periods
[0mPOST /api/finance/periods [33m409[0m 8.745 ms - 584[0m
[2026-08-27T11:48:06.894Z] GET /api/finance/periods
[0mGET /api/finance/periods [32m200[0m 14.423 ms - 7460[0m
[2026-08-27T11:48:06.915Z] PUT /api/finance/rates/6a83038f91e65df0d84d3963
[0mPUT /api/finance/rates/6a83038f91e65df0d84d3963 [32m200[0m 13.292 ms - 272[0m
[2026-08-27T11:48:06.934Z] GET /api/finance/rates/6a83038f91e65df0d84d3963
[0mGET /api/finance/rates/6a83038f91e65df0d84d3963 [32m200[0m 7.649 ms - 272[0m
[2026-08-27T11:48:06.945Z] POST /api/guard-payroll/generate/6a83038f91e65df0d84d3963
[0mPOST /api/guard-payroll/generate/6a83038f91e65df0d84d3963 [32m201[0m 1490.170 ms - 4809[0m
[2026-08-27T11:48:08.441Z] POST /api/guard-payroll/6a9023f88eaf4aa7e6fbc4a5/submit
[0mPOST /api/guard-payroll/6a9023f88eaf4aa7e6fbc4a5/submit [32m200[0m 25.530 ms - 707[0m
[2026-08-27T11:48:08.471Z] PUT /api/guard-payroll/6a9023f88eaf4aa7e6fbc4a5/rates
[0mPUT /api/guard-payroll/6a9023f88eaf4aa7e6fbc4a5/rates [32m200[0m 16.629 ms - 796[0m
[2026-08-27T11:48:08.495Z] POST /api/guard-payroll/6a9023f88eaf4aa7e6fbc4a5/calculate
[0mPOST /api/guard-payroll/6a9023f88eaf4aa7e6fbc4a5/calculate [32m200[0m 49.846 ms - 1715[0m
[2026-08-27T11:48:08.552Z] POST /api/guard-payroll/6a9023f88eaf4aa7e6fbc4a5/check
[0mPOST /api/guard-payroll/6a9023f88eaf4aa7e6fbc4a5/check [32m200[0m 23.393 ms - 932[0m
[2026-08-27T11:48:08.581Z] POST /api/guard-payroll/6a9023f88eaf4aa7e6fbc4a5/approve
[0mPOST /api/guard-payroll/6a9023f88eaf4aa7e6fbc4a5/approve [32m200[0m 25.465 ms - 1013[0m
[2026-08-27T11:48:08.611Z] POST /api/guard-payroll/6a9023f88eaf4aa7e6fbc4a5/pay
[0mPOST /api/guard-payroll/6a9023f88eaf4aa7e6fbc4a5/pay [32m200[0m 28.163 ms - 1185[0m
[2026-08-27T11:48:08.643Z] GET /api/guard-payroll/6a9023f88eaf4aa7e6fbc4a5
[0mGET /api/guard-payroll/6a9023f88eaf4aa7e6fbc4a5 [32m200[0m 22.935 ms - 2271[0m
[2026-08-27T11:48:08.671Z] POST /api/staff-attendance/lock
[0mPOST /api/staff-attendance/lock [32m200[0m 14.304 ms - 280[0m
[2026-08-27T11:48:08.689Z] POST /api/office-payroll/generate/6a83038f91e65df0d84d3963
[0mPOST /api/office-payroll/generate/6a83038f91e65df0d84d3963 [32m201[0m 513.500 ms - 1128[0m
[2026-08-27T11:48:09.207Z] GET /api/office-payroll?payrollPeriodId=6a83038f91e65df0d84d3963
[0mGET /api/office-payroll?payrollPeriodId=6a83038f91e65df0d84d3963 [32m200[0m 49.488 ms - 29312[0m
[2026-08-27T11:48:09.262Z] PUT /api/office-payroll/6a9023f98eaf4aa7e6fbc57d/salary
[0mPUT /api/office-payroll/6a9023f98eaf4aa7e6fbc57d/salary [32m200[0m 16.116 ms - 597[0m
[2026-08-27T11:48:09.286Z] POST /api/office-payroll/6a9023f98eaf4aa7e6fbc57d/calculate
[0mPOST /api/office-payroll/6a9023f98eaf4aa7e6fbc57d/calculate [32m200[0m 59.312 ms - 1211[0m
[2026-08-27T11:48:09.351Z] POST /api/office-payroll/6a9023f98eaf4aa7e6fbc57d/submit
[0mPOST /api/office-payroll/6a9023f98eaf4aa7e6fbc57d/submit [32m200[0m 20.128 ms - 796[0m
[2026-08-27T11:48:09.375Z] POST /api/office-payroll/6a9023f98eaf4aa7e6fbc57d/check
[0mPOST /api/office-payroll/6a9023f98eaf4aa7e6fbc57d/check [32m200[0m 20.097 ms - 872[0m
[2026-08-27T11:48:09.404Z] POST /api/office-payroll/6a9023f98eaf4aa7e6fbc57d/approve
[0mPOST /api/office-payroll/6a9023f98eaf4aa7e6fbc57d/approve [32m200[0m 18.904 ms - 953[0m
[2026-08-27T11:48:09.431Z] POST /api/office-payroll/6a9023f98eaf4aa7e6fbc57d/pay
[0mPOST /api/office-payroll/6a9023f98eaf4aa7e6fbc57d/pay [32m200[0m 26.704 ms - 1094[0m
[2026-08-27T11:48:09.461Z] GET /api/office-payroll/6a9023f98eaf4aa7e6fbc57d
[0mGET /api/office-payroll/6a9023f98eaf4aa7e6fbc57d [32m200[0m 34.318 ms - 1820[0m
[2026-08-27T11:48:09.503Z] POST /api/employees
[0mPOST /api/employees [32m201[0m 16.975 ms - 420[0m
[2026-08-27T11:48:09.525Z] POST /api/finance/periods
[0mPOST /api/finance/periods [33m403[0m 8.118 ms - 1353[0m
[2026-08-27T11:48:09.539Z] POST /api/employees
[0mPOST /api/employees [33m403[0m 5.814 ms - 1353[0m
[2026-08-27T11:48:09.553Z] GET /api/guard-payroll
[0mGET /api/guard-payroll [32m200[0m 63.641 ms - 35522[0m
[2026-08-27T11:48:09.623Z] GET /api/audit-logs
[0mGET /api/audit-logs [32m200[0m 34.058 ms - 12420[0m
[2026-08-27T11:48:09.660Z] POST /api/finance/periods
[0mPOST /api/finance/periods [33m403[0m 6.386 ms - 1353[0m
[2026-08-27T11:48:09.672Z] GET /api/finance/periods
[0mGET /api/finance/periods [32m200[0m 14.812 ms - 7462[0m
[2026-08-27T11:48:09.689Z] POST /api/auth/login
[0mPOST /api/auth/login [32m200[0m 766.087 ms - 618[0m
[2026-08-27T11:48:10.459Z] POST /api/attendance/clock-in
[0mPOST /api/attendance/clock-in [32m201[0m 34.076 ms - 413[0m
[2026-08-27T11:48:10.499Z] POST /api/employees
[0mPOST /api/employees [33m403[0m 7.008 ms - 1353[0m
[2026-08-27T11:48:10.508Z] GET /api/finance/periods
[0mGET /api/finance/periods [33m403[0m 4.213 ms - 1353[0m
[2026-08-27T11:48:10.515Z] DELETE /api/employees/6a9023f58eaf4aa7e6fbc335
[0mDELETE /api/employees/6a9023f58eaf4aa7e6fbc335 [33m403[0m 5.508 ms - 1367[0m
[2026-08-27T11:48:10.523Z] DELETE /api/employees/6a9023f98eaf4aa7e6fbc5b5
[0mDELETE /api/employees/6a9023f98eaf4aa7e6fbc5b5 [33m403[0m 4.497 ms - 1367[0m
[2026-08-27T11:48:10.534Z] POST /api/guards/register
[0mPOST /api/guards/register [32m201[0m 882.566 ms - 639[0m
[2026-08-27T11:48:11.421Z] POST /api/guards/register
[0mPOST /api/guards/register [32m201[0m 781.185 ms - 639[0m
[2026-08-27T11:48:12.210Z] POST /api/guards/assign-site
[0mPOST /api/guards/assign-site [32m201[0m 52.868 ms - 342[0m
[2026-08-27T11:48:12.269Z] POST /api/guards/assign-site
[0mPOST /api/guards/assign-site [32m201[0m 27.990 ms - 342[0m
[2026-08-27T11:48:12.302Z] POST /api/guards/assign-site
[0mPOST /api/guards/assign-site [33m403[0m 5.034 ms - 1353[0m
[2026-08-27T11:48:12.310Z] POST /api/guards/register
[0mPOST /api/guards/register [32m201[0m 777.530 ms - 637[0m
[2026-08-27T11:48:13.094Z] POST /api/guards/register
[0mPOST /api/guards/register [32m201[0m 812.422 ms - 637[0m
[2026-08-27T11:48:13.911Z] POST /api/guards/register
[0mPOST /api/guards/register [32m201[0m 1312.530 ms - 637[0m
[2026-08-27T11:48:15.228Z] POST /api/auth/login
[0mPOST /api/auth/login [32m200[0m 2928.661 ms - 613[0m
[2026-08-27T11:48:18.161Z] POST /api/auth/login
[0mPOST /api/auth/login [32m200[0m 2542.512 ms - 613[0m
[2026-08-27T11:48:20.706Z] POST /api/auth/login
[0mPOST /api/auth/login [32m200[0m 2929.401 ms - 613[0m
[2026-08-27T11:48:23.639Z] POST /api/sites
[0mPOST /api/sites [32m201[0m 15.916 ms - 406[0m
[2026-08-27T11:48:23.659Z] POST /api/guards/assign-site
[0mPOST /api/guards/assign-site [32m201[0m 27.114 ms - 342[0m
[2026-08-27T11:48:23.690Z] POST /api/attendance/clock-in
[0mPOST /api/attendance/clock-in [32m201[0m 33.564 ms - 413[0m
[2026-08-27T11:48:23.727Z] POST /api/attendance/clock-out/6a9023fc8eaf4aa7e6fbc5f2
[0mPOST /api/attendance/clock-out/6a9023fc8eaf4aa7e6fbc5f2 [32m200[0m 23.912 ms - 459[0m
[2026-08-27T11:48:23.753Z] POST /api/guards/assign-site
[0mPOST /api/guards/assign-site [32m201[0m 19.974 ms - 342[0m
[2026-08-27T11:48:23.777Z] GET /api/attendance/on-duty/6a9024078eaf4aa7e6fbc615
[0mGET /api/attendance/on-duty/6a9024078eaf4aa7e6fbc615 [32m200[0m 8.416 ms - 26[0m
[2026-08-27T11:48:23.789Z] POST /api/attendance/clock-in
[0mPOST /api/attendance/clock-in [32m201[0m 34.859 ms - 413[0m
[2026-08-27T11:48:23.827Z] POST /api/attendance/clock-out/6a9023fd8eaf4aa7e6fbc5fc
[0mPOST /api/attendance/clock-out/6a9023fd8eaf4aa7e6fbc5fc [32m200[0m 23.335 ms - 473[0m
[2026-08-27T11:48:23.853Z] POST /api/sites
[0mPOST /api/sites [32m201[0m 12.719 ms - 407[0m
[2026-08-27T11:48:23.870Z] POST /api/guards/assign-site
[0mPOST /api/guards/assign-site [32m201[0m 32.976 ms - 342[0m
[2026-08-27T11:48:23.908Z] POST /api/guards/assign-site
[0mPOST /api/guards/assign-site [32m201[0m 44.345 ms - 342[0m
[2026-08-27T11:48:23.958Z] POST /api/guards/assign-site
[0mPOST /api/guards/assign-site [32m201[0m 32.459 ms - 342[0m
[2026-08-27T11:48:23.998Z] GET /api/attendance/on-duty/6a9024078eaf4aa7e6fbc649
[0mGET /api/attendance/on-duty/6a9024078eaf4aa7e6fbc649 [32m200[0m 9.626 ms - 26[0m
[2026-08-27T11:48:24.011Z] POST /api/attendance/clock-in
[0mPOST /api/attendance/clock-in [32m201[0m 46.809 ms - 413[0m
[2026-08-27T11:48:24.060Z] GET /api/attendance/on-duty/6a9024078eaf4aa7e6fbc649
[0mGET /api/attendance/on-duty/6a9024078eaf4aa7e6fbc649 [32m200[0m 11.741 ms - 52[0m
[2026-08-27T11:48:24.076Z] POST /api/attendance/clock-in
[0mPOST /api/attendance/clock-in [32m201[0m 45.746 ms - 413[0m
[2026-08-27T11:48:24.126Z] GET /api/attendance/on-duty/6a9024078eaf4aa7e6fbc649
[0mGET /api/attendance/on-duty/6a9024078eaf4aa7e6fbc649 [32m200[0m 9.511 ms - 79[0m
[2026-08-27T11:48:24.139Z] POST /api/attendance/clock-in
[0mPOST /api/attendance/clock-in [32m201[0m 33.041 ms - 413[0m
[2026-08-27T11:48:24.174Z] GET /api/attendance/active/6a9023fc8eaf4aa7e6fbc5f2
[0mGET /api/attendance/active/6a9023fc8eaf4aa7e6fbc5f2 [32m200[0m 14.153 ms - 770[0m
[2026-08-27T11:48:24.191Z] POST /api/attendance/clock-in
[0mPOST /api/attendance/clock-in [33m409[0m 10.269 ms - 654[0m
[2026-08-27T11:48:24.205Z] POST /api/attendance/clock-out/6a9023fc8eaf4aa7e6fbc5f2
[0mPOST /api/attendance/clock-out/6a9023fc8eaf4aa7e6fbc5f2 [32m200[0m 24.308 ms - 516[0m
[2026-08-27T11:48:24.233Z] GET /api/attendance/recent/6a9023fc8eaf4aa7e6fbc5f2?days=1
[0mGET /api/attendance/recent/6a9023fc8eaf4aa7e6fbc5f2?days=1 [32m200[0m 15.605 ms - 1667[0m
[2026-08-27T11:48:24.252Z] POST /api/attendance/clock-in
[0mPOST /api/attendance/clock-in [33m409[0m 7.914 ms - 654[0m
[2026-08-27T11:48:24.262Z] GET /api/attendance/coverage-alerts/6a9024078eaf4aa7e6fbc649
[0mGET /api/attendance/coverage-alerts/6a9024078eaf4aa7e6fbc649 [32m200[0m 11.915 ms - 90[0m
[2026-08-27T11:48:24.276Z] GET /api/attendance/active/6a9023fd8eaf4aa7e6fbc5fc
[0mGET /api/attendance/active/6a9023fd8eaf4aa7e6fbc5fc [32m200[0m 13.318 ms - 770[0m
[2026-08-27T11:48:24.294Z] POST /api/attendance/override-clockout/6a9024088eaf4aa7e6fbc675
[0mPOST /api/attendance/override-clockout/6a9024088eaf4aa7e6fbc675 [32m200[0m 29.699 ms - 564[0m
[2026-08-27T11:48:24.327Z] POST /api/sites
[0mPOST /api/sites [32m201[0m 11.321 ms - 391[0m
[2026-08-27T11:48:24.344Z] POST /api/guards/register
[0mPOST /api/guards/register [32m201[0m 796.248 ms - 632[0m
[2026-08-27T11:48:25.144Z] POST /api/auth/login
[0mPOST /api/auth/login [32m200[0m 749.955 ms - 612[0m
[2026-08-27T11:48:25.900Z] POST /api/attendance/clock-in
[0mPOST /api/attendance/clock-in [32m201[0m 33.124 ms - 413[0m
[2026-08-27T11:48:25.936Z] GET /api/attendance/active/6a9024088eaf4aa7e6fbc6a5
[0mGET /api/attendance/active/6a9024088eaf4aa7e6fbc6a5 [32m200[0m 13.063 ms - 754[0m
[2026-08-27T11:48:25.952Z] POST /api/attendance/override-clockout/6a9024098eaf4aa7e6fbc6b2
[0mPOST /api/attendance/override-clockout/6a9024098eaf4aa7e6fbc6b2 [33m403[0m 4.568 ms - 1367[0m
[2026-08-27T11:48:25.959Z] POST /api/attendance/override-clockout/6a9024098eaf4aa7e6fbc6b2
[0mPOST /api/attendance/override-clockout/6a9024098eaf4aa7e6fbc6b2 [32m200[0m 24.541 ms - 549[0m
[2026-08-27T11:48:25.986Z] GET /api/attendance/on-duty/6a9024078eaf4aa7e6fbc649
[0mGET /api/attendance/on-duty/6a9024078eaf4aa7e6fbc649 [32m200[0m 6.771 ms - 52[0m
[2026-08-27T11:48:25.995Z] GET /api/attendance/active/6a9023fd8eaf4aa7e6fbc606
[0mGET /api/attendance/active/6a9023fd8eaf4aa7e6fbc606 [32m200[0m 11.999 ms - 770[0m
[2026-08-27T11:48:26.010Z] POST /api/attendance/clock-out/6a9023fd8eaf4aa7e6fbc606
[0mPOST /api/attendance/clock-out/6a9023fd8eaf4aa7e6fbc606 [32m200[0m 22.016 ms - 471[0m
[2026-08-27T11:48:26.035Z] POST /api/guards/assign-site
[0mPOST /api/guards/assign-site [32m201[0m 32.464 ms - 342[0m
[2026-08-27T11:48:26.073Z] POST /api/attendance/clock-in
[0mPOST /api/attendance/clock-in [32m201[0m 34.945 ms - 413[0m
[2026-08-27T11:48:26.111Z] POST /api/attendance/clock-out/6a9023fd8eaf4aa7e6fbc606
[0mPOST /api/attendance/clock-out/6a9023fd8eaf4aa7e6fbc606 [32m200[0m 19.925 ms - 473[0m
[2026-08-27T11:48:26.136Z] POST /api/sites
[0mPOST /api/sites [32m201[0m 13.043 ms - 403[0m
[2026-08-27T11:48:26.153Z] POST /api/guards/register
[0mPOST /api/guards/register [32m201[0m 840.939 ms - 633[0m
[2026-08-27T11:48:27.003Z] POST /api/guards/register
[0mPOST /api/guards/register [32m201[0m 1657.355 ms - 629[0m
[2026-08-27T11:48:28.669Z] POST /api/auth/login
[0mPOST /api/auth/login [32m200[0m 671.406 ms - 612[0m
[2026-08-27T11:48:29.343Z] POST /api/auth/login
[0mPOST /api/auth/login [32m200[0m 1168.870 ms - 609[0m
[2026-08-27T11:48:30.516Z] POST /api/guards/assign-site
[0mPOST /api/guards/assign-site [32m201[0m 22.415 ms - 342[0m
[2026-08-27T11:48:30.543Z] POST /api/attendance/clock-in
[0mPOST /api/attendance/clock-in [32m201[0m 25.909 ms - 413[0m
[2026-08-27T11:48:30.572Z] POST /api/attendance/clock-out/6a90240b8eaf4aa7e6fbc6f1
[0mPOST /api/attendance/clock-out/6a90240b8eaf4aa7e6fbc6f1 [32m200[0m 16.989 ms - 517[0m
[2026-08-27T11:48:30.592Z] POST /api/guards/assign-site
[0mPOST /api/guards/assign-site [32m201[0m 18.901 ms - 342[0m
[2026-08-27T11:48:30.616Z] POST /api/attendance/clock-in
[0mPOST /api/attendance/clock-in [33m400[0m 11.017 ms - 734[0m
[2026-08-27T11:48:30.632Z] POST /api/sites
[0mPOST /api/sites [32m201[0m 9.558 ms - 394[0m
[2026-08-27T11:48:30.645Z] POST /api/attendance/clock-in
[0mPOST /api/attendance/clock-in [32m201[0m 29.652 ms - 413[0m
[2026-08-27T11:48:30.683Z] POST /api/attendance/clock-out/6a90240a8eaf4aa7e6fbc6e7
[0mPOST /api/attendance/clock-out/6a90240a8eaf4aa7e6fbc6e7 [32m200[0m 28.271 ms - 473[0m
[2026-08-27T11:48:30.716Z] GET /api/employees?limit=1
[0mGET /api/employees?limit=1 [32m200[0m 10.925 ms - 615[0m
[2026-08-27T11:48:30.731Z] GET /api/sites?limit=1
[0mGET /api/sites?limit=1 [32m200[0m 9.647 ms - 459[0m
[2026-08-27T11:49:45.271Z] GET /api/staff-attendance/grid?year=2026&month=8
[2026-08-27T11:49:45.312Z] GET /api/staff-attendance/summary?year=2026&month=8
[0mGET /api/staff-attendance/grid?year=2026&month=8 [32m200[0m 158.329 ms - 184057[0m
[2026-08-27T11:49:45.468Z] GET /api/staff-attendance/grid?year=2026&month=8
[0mGET /api/staff-attendance/summary?year=2026&month=8 [32m200[0m 195.569 ms - 65014[0m
[2026-08-27T11:49:45.538Z] GET /api/staff-attendance/summary?year=2026&month=8
[0mGET /api/staff-attendance/grid?year=2026&month=8 [36m304[0m 376.979 ms - -[0m
[0mGET /api/staff-attendance/summary?year=2026&month=8 [36m304[0m 335.172 ms - -[0m
[2026-08-27T11:49:58.133Z] GET /api/staff-attendance/grid?year=2026&month=9
[2026-08-27T11:49:58.144Z] GET /api/staff-attendance/summary?year=2026&month=9
[0mGET /api/staff-attendance/grid?year=2026&month=9 [32m200[0m 143.469 ms - 180437[0m
[0mGET /api/staff-attendance/summary?year=2026&month=9 [32m200[0m 177.284 ms - 65019[0m
[2026-08-27T11:50:20.632Z] GET /api/staff-attendance/grid?year=2026&month=8
[2026-08-27T11:50:20.679Z] GET /api/staff-attendance/summary?year=2026&month=8
[0mGET /api/staff-attendance/grid?year=2026&month=8 [36m304[0m 198.828 ms - -[0m
[0mGET /api/staff-attendance/summary?year=2026&month=8 [36m304[0m 205.980 ms - -[0m
[2026-08-27T11:50:23.522Z] GET /api/staff-attendance/grid?year=2026&month=7
[2026-08-27T11:50:23.542Z] GET /api/staff-attendance/summary?year=2026&month=7
[0mGET /api/staff-attendance/grid?year=2026&month=7 [32m200[0m 179.799 ms - 184243[0m
[0mGET /api/staff-attendance/summary?year=2026&month=7 [32m200[0m 189.208 ms - 65010[0m
[2026-08-27T11:51:16.628Z] GET /api/staff-attendance/grid?year=2026&month=8
[2026-08-27T11:51:16.636Z] GET /api/staff-attendance/summary?year=2026&month=8
[0mGET /api/staff-attendance/grid?year=2026&month=8 [36m304[0m 137.164 ms - -[0m
[0mGET /api/staff-attendance/summary?year=2026&month=8 [36m304[0m 155.052 ms - -[0m
[2026-08-27T11:51:31.849Z] GET /api/staff-attendance/grid?year=2026&month=9
[2026-08-27T11:51:31.860Z] GET /api/staff-attendance/summary?year=2026&month=9
[0mGET /api/staff-attendance/grid?year=2026&month=9 [36m304[0m 183.310 ms - -[0m
[0mGET /api/staff-attendance/summary?year=2026&month=9 [36m304[0m 208.404 ms - -[0m
[2026-08-27T12:18:22.538Z] GET /api/staff-attendance/grid?year=2026&month=9
[2026-08-27T12:18:22.553Z] GET /api/staff-attendance/summary?year=2026&month=9
[0mGET /api/staff-attendance/grid?year=2026&month=9 [36m304[0m 119.892 ms - -[0m
[0mGET /api/staff-attendance/summary?year=2026&month=9 [36m304[0m 138.653 ms - -[0m
[2026-08-27T12:24:32.366Z] POST /api/auth/login
[0mPOST /api/auth/login [32m200[0m 829.412 ms - 571[0m
[2026-08-27T12:24:33.394Z] GET /api/employees?limit=1
[2026-08-27T12:24:33.403Z] GET /api/sites?limit=1
[0mGET /api/employees?limit=1 [32m200[0m 19.159 ms - 615[0m
[0mGET /api/sites?limit=1 [32m200[0m 16.207 ms - 459[0m
[2026-08-27T12:24:33.442Z] GET /api/employees?limit=1
[2026-08-27T12:24:33.481Z] GET /api/sites?limit=1
[0mGET /api/employees?limit=1 [36m304[0m 46.864 ms - -[0m
[0mGET /api/sites?limit=1 [36m304[0m 16.407 ms - -[0m
[2026-08-27T12:25:12.128Z] GET /api/guards
[2026-08-27T12:25:12.143Z] GET /api/sites
[0mGET /api/sites [32m200[0m 24.983 ms - 7633[0m
[2026-08-27T12:25:13.318Z] GET /api/sites
[0mGET /api/sites [36m304[0m 2151.868 ms - -[0m
[0mGET /api/guards [32m200[0m 6572.089 ms - 467730[0m
[2026-08-27T12:25:18.730Z] GET /api/guards
[0mGET /api/guards [36m304[0m 3871.195 ms - -[0m
[2026-08-27T12:25:23.833Z] GET /api/employees?limit=1
[2026-08-27T12:25:23.847Z] GET /api/sites?limit=1
[0mGET /api/employees?limit=1 [36m304[0m 26.408 ms - -[0m
[0mGET /api/sites?limit=1 [36m304[0m 17.015 ms - -[0m
[2026-08-27T12:25:23.915Z] GET /api/employees?limit=1
[0mGET /api/employees?limit=1 [36m304[0m 81.946 ms - -[0m
[2026-08-27T12:25:24.000Z] GET /api/sites?limit=1
[0mGET /api/sites?limit=1 [36m304[0m 29.534 ms - -[0m
[2026-08-27T12:25:27.153Z] GET /api/sites
[0mGET /api/sites [36m304[0m 14.299 ms - -[0m
[2026-08-27T12:25:27.336Z] GET /api/sites
[0mGET /api/sites [36m304[0m 23.570 ms - -[0m
[2026-08-27T12:25:27.407Z] GET /api/sites
[0mGET /api/sites [36m304[0m 18.217 ms - -[0m
[2026-08-27T12:25:32.427Z] GET /api/audit
[0mGET /api/audit [33m404[0m 4.547 ms - 45[0m
[2026-08-27T12:25:32.507Z] GET /api/audit
[0mGET /api/audit [33m404[0m 1.904 ms - 45[0m
[2026-08-27T12:25:33.601Z] GET /api/sites?page=1&limit=20
[0mGET /api/sites?page=1&limit=20 [32m200[0m 33.475 ms - 7633[0m
[2026-08-27T12:25:33.658Z] GET /api/sites?page=1&limit=20
[0mGET /api/sites?page=1&limit=20 [36m304[0m 20.613 ms - -[0m
[2026-08-27T12:28:51.912Z] POST /api/sites
[0mPOST /api/sites [33m403[0m 4.884 ms - 1353[0m
[2026-08-27T12:28:57.083Z] POST /api/sites
[0mPOST /api/sites [33m403[0m 9.115 ms - 1353[0m
[2026-08-27T12:29:20.755Z] POST /api/sites
[0mPOST /api/sites [33m403[0m 19.219 ms - 1353[0m
[2026-08-27T12:29:59.449Z] POST /api/auth/login
[0mPOST /api/auth/login [32m200[0m 2524.800 ms - 566[0m
[2026-08-27T12:30:01.997Z] POST /api/auth/login
[0mPOST /api/auth/login [32m200[0m 1836.032 ms - 592[0m
[2026-08-27T12:30:03.894Z] POST /api/auth/login
[0mPOST /api/auth/login [32m200[0m 919.684 ms - 579[0m
[2026-08-27T12:30:04.817Z] POST /api/auth/login
[0mPOST /api/auth/login [32m200[0m 759.296 ms - 571[0m
[2026-08-27T12:30:05.581Z] POST /api/auth/login
[0mPOST /api/auth/login [32m200[0m 812.765 ms - 560[0m
[2026-08-27T12:30:06.398Z] POST /api/employees
[0mPOST /api/employees [32m201[0m 17.291 ms - 537[0m
[2026-08-27T12:30:06.421Z] GET /api/employees/6a902dce8eaf4aa7e6fbcee1
[0mGET /api/employees/6a902dce8eaf4aa7e6fbcee1 [32m200[0m 8.866 ms - 537[0m
[2026-08-27T12:30:06.433Z] PUT /api/employees/6a902dce8eaf4aa7e6fbcee1
[0mPUT /api/employees/6a902dce8eaf4aa7e6fbcee1 [32m200[0m 14.789 ms - 546[0m
[2026-08-27T12:30:06.454Z] POST /api/sites
[0mPOST /api/sites [32m201[0m 15.970 ms - 399[0m
[2026-08-27T12:30:06.477Z] GET /api/sites/6a902dce8eaf4aa7e6fbceeb
[0mGET /api/sites/6a902dce8eaf4aa7e6fbceeb [32m200[0m 9.976 ms - 399[0m
[2026-08-27T12:30:06.495Z] PUT /api/sites/6a902dce8eaf4aa7e6fbceeb
[0mPUT /api/sites/6a902dce8eaf4aa7e6fbceeb [32m200[0m 20.087 ms - 402[0m
[2026-08-27T12:30:06.524Z] POST /api/guards/register
[0mPOST /api/guards/register [32m201[0m 801.580 ms - 644[0m
[2026-08-27T12:30:07.329Z] GET /api/guards/6a902dce8eaf4aa7e6fbcef6
[0mGET /api/guards/6a902dce8eaf4aa7e6fbcef6 [32m200[0m 21.521 ms - 961[0m
[2026-08-27T12:30:07.354Z] POST /api/guards/register
[0mPOST /api/guards/register [31m500[0m 20.701 ms - 778[0m
[2026-08-27T12:30:07.378Z] GET /api/employees
[0mGET /api/employees [32m200[0m 21.397 ms - 10588[0m
[2026-08-27T12:30:07.404Z] POST /api/guards/assign-site
[0mPOST /api/guards/assign-site [32m201[0m 66.880 ms - 342[0m
[2026-08-27T12:30:07.476Z] POST /api/attendance/clock-in
[0mPOST /api/attendance/clock-in [32m201[0m 31.647 ms - 413[0m
[2026-08-27T12:30:07.510Z] POST /api/attendance/clock-out/6a902dce8eaf4aa7e6fbcef6
[0mPOST /api/attendance/clock-out/6a902dce8eaf4aa7e6fbcef6 [32m200[0m 17.804 ms - 473[0m
[2026-08-27T12:30:07.531Z] PUT /api/attendance/6a902dcf8eaf4aa7e6fbcf12/edit
[0mPUT /api/attendance/6a902dcf8eaf4aa7e6fbcf12/edit [32m200[0m 27.298 ms - 529[0m
[2026-08-27T12:30:07.563Z] GET /api/audit-logs?entity=AttendanceRecord&limit=5
[0mGET /api/audit-logs?entity=AttendanceRecord&limit=5 [32m200[0m 24.336 ms - 3620[0m
[2026-08-27T12:30:07.594Z] POST /api/staff-attendance/unlock
[0mPOST /api/staff-attendance/unlock [32m200[0m 42.007 ms - 278[0m
[2026-08-27T12:30:07.645Z] POST /api/staff-attendance/day
[0mPOST /api/staff-attendance/day [32m201[0m 24.538 ms - 345[0m
[2026-08-27T12:30:07.675Z] GET /api/staff-attendance/grid?year=2028&month=3
[0mGET /api/staff-attendance/grid?year=2028&month=3 [32m200[0m 139.976 ms - 186155[0m
[2026-08-27T12:30:07.829Z] GET /api/staff-attendance/summary?year=2028&month=3
[0mGET /api/staff-attendance/summary?year=2028&month=3 [32m200[0m 131.559 ms - 65703[0m
[2026-08-27T12:30:07.969Z] POST /api/finance/periods
[0mPOST /api/finance/periods [33m409[0m 12.554 ms - 584[0m
[2026-08-27T12:30:07.983Z] GET /api/finance/periods
[0mGET /api/finance/periods [32m200[0m 12.691 ms - 7460[0m
[2026-08-27T12:30:07.999Z] PUT /api/finance/rates/6a83038f91e65df0d84d3963
[0mPUT /api/finance/rates/6a83038f91e65df0d84d3963 [32m200[0m 13.165 ms - 272[0m
[2026-08-27T12:30:08.016Z] GET /api/finance/rates/6a83038f91e65df0d84d3963
[0mGET /api/finance/rates/6a83038f91e65df0d84d3963 [32m200[0m 7.744 ms - 272[0m
[2026-08-27T12:30:08.027Z] POST /api/guard-payroll/generate/6a83038f91e65df0d84d3963
[0mPOST /api/guard-payroll/generate/6a83038f91e65df0d84d3963 [32m201[0m 1513.173 ms - 4809[0m
[2026-08-27T12:30:09.545Z] POST /api/guard-payroll/6a902dd18eaf4aa7e6fbd059/submit
[0mPOST /api/guard-payroll/6a902dd18eaf4aa7e6fbd059/submit [32m200[0m 19.928 ms - 707[0m
[2026-08-27T12:30:09.569Z] PUT /api/guard-payroll/6a902dd18eaf4aa7e6fbd059/rates
[0mPUT /api/guard-payroll/6a902dd18eaf4aa7e6fbd059/rates [32m200[0m 14.599 ms - 796[0m
[2026-08-27T12:30:09.591Z] POST /api/guard-payroll/6a902dd18eaf4aa7e6fbd059/calculate
[0mPOST /api/guard-payroll/6a902dd18eaf4aa7e6fbd059/calculate [32m200[0m 58.475 ms - 1715[0m
[2026-08-27T12:30:09.654Z] POST /api/guard-payroll/6a902dd18eaf4aa7e6fbd059/check
[0mPOST /api/guard-payroll/6a902dd18eaf4aa7e6fbd059/check [32m200[0m 37.607 ms - 932[0m
[2026-08-27T12:30:09.698Z] POST /api/guard-payroll/6a902dd18eaf4aa7e6fbd059/approve
[0mPOST /api/guard-payroll/6a902dd18eaf4aa7e6fbd059/approve [32m200[0m 20.267 ms - 1013[0m
[2026-08-27T12:30:09.725Z] POST /api/guard-payroll/6a902dd18eaf4aa7e6fbd059/pay
[0mPOST /api/guard-payroll/6a902dd18eaf4aa7e6fbd059/pay [32m200[0m 36.561 ms - 1185[0m
[2026-08-27T12:30:09.767Z] GET /api/guard-payroll/6a902dd18eaf4aa7e6fbd059
[0mGET /api/guard-payroll/6a902dd18eaf4aa7e6fbd059 [32m200[0m 18.406 ms - 2271[0m
[2026-08-27T12:30:09.790Z] POST /api/staff-attendance/lock
[0mPOST /api/staff-attendance/lock [32m200[0m 14.975 ms - 280[0m
[2026-08-27T12:30:09.811Z] POST /api/office-payroll/generate/6a83038f91e65df0d84d3963
[0mPOST /api/office-payroll/generate/6a83038f91e65df0d84d3963 [32m201[0m 575.276 ms - 1128[0m
[2026-08-27T12:30:10.392Z] GET /api/office-payroll?payrollPeriodId=6a83038f91e65df0d84d3963
[0mGET /api/office-payroll?payrollPeriodId=6a83038f91e65df0d84d3963 [32m200[0m 40.199 ms - 29312[0m
[2026-08-27T12:30:10.437Z] PUT /api/office-payroll/6a902dd28eaf4aa7e6fbd133/salary
[0mPUT /api/office-payroll/6a902dd28eaf4aa7e6fbd133/salary [32m200[0m 17.125 ms - 597[0m
[2026-08-27T12:30:10.460Z] POST /api/office-payroll/6a902dd28eaf4aa7e6fbd133/calculate
[0mPOST /api/office-payroll/6a902dd28eaf4aa7e6fbd133/calculate [32m200[0m 33.772 ms - 1211[0m
[2026-08-27T12:30:10.538Z] POST /api/office-payroll/6a902dd28eaf4aa7e6fbd133/submit
[0mPOST /api/office-payroll/6a902dd28eaf4aa7e6fbd133/submit [32m200[0m 19.074 ms - 796[0m
[2026-08-27T12:30:10.565Z] POST /api/office-payroll/6a902dd28eaf4aa7e6fbd133/check
[0mPOST /api/office-payroll/6a902dd28eaf4aa7e6fbd133/check [32m200[0m 18.420 ms - 872[0m
[2026-08-27T12:30:10.587Z] POST /api/office-payroll/6a902dd28eaf4aa7e6fbd133/approve
[0mPOST /api/office-payroll/6a902dd28eaf4aa7e6fbd133/approve [32m200[0m 15.577 ms - 953[0m
[2026-08-27T12:30:10.611Z] POST /api/office-payroll/6a902dd28eaf4aa7e6fbd133/pay
[0mPOST /api/office-payroll/6a902dd28eaf4aa7e6fbd133/pay [32m200[0m 26.732 ms - 1094[0m
[2026-08-27T12:30:10.644Z] GET /api/office-payroll/6a902dd28eaf4aa7e6fbd133
[0mGET /api/office-payroll/6a902dd28eaf4aa7e6fbd133 [32m200[0m 37.854 ms - 1820[0m
[2026-08-27T12:30:10.686Z] POST /api/employees
[0mPOST /api/employees [32m201[0m 39.741 ms - 420[0m
[2026-08-27T12:30:10.732Z] POST /api/finance/periods
[0mPOST /api/finance/periods [33m403[0m 5.199 ms - 1353[0m
[2026-08-27T12:30:10.744Z] POST /api/employees
[0mPOST /api/employees [33m403[0m 5.043 ms - 1353[0m
[2026-08-27T12:30:10.755Z] GET /api/guard-payroll
[0mGET /api/guard-payroll [32m200[0m 122.617 ms - 35522[0m
[2026-08-27T12:30:10.884Z] GET /api/audit-logs
[0mGET /api/audit-logs [32m200[0m 47.628 ms - 12420[0m
[2026-08-27T12:30:10.936Z] POST /api/finance/periods
[0mPOST /api/finance/periods [33m403[0m 9.944 ms - 1353[0m
[2026-08-27T12:30:10.948Z] GET /api/finance/periods
[0mGET /api/finance/periods [32m200[0m 20.227 ms - 7462[0m
[2026-08-27T12:30:10.971Z] POST /api/auth/login
[0mPOST /api/auth/login [32m200[0m 668.956 ms - 618[0m
[2026-08-27T12:30:11.644Z] POST /api/attendance/clock-in
[0mPOST /api/attendance/clock-in [32m201[0m 26.757 ms - 413[0m
[2026-08-27T12:30:11.675Z] POST /api/employees
[0mPOST /api/employees [33m403[0m 4.977 ms - 1353[0m
[2026-08-27T12:30:11.682Z] GET /api/finance/periods
[0mGET /api/finance/periods [33m403[0m 4.782 ms - 1353[0m
[2026-08-27T12:30:11.690Z] DELETE /api/employees/6a902dce8eaf4aa7e6fbcee1
[0mDELETE /api/employees/6a902dce8eaf4aa7e6fbcee1 [33m403[0m 4.235 ms - 1367[0m
[2026-08-27T12:30:11.696Z] DELETE /api/employees/6a902dd28eaf4aa7e6fbd16b
[0mDELETE /api/employees/6a902dd28eaf4aa7e6fbd16b [33m403[0m 4.332 ms - 1367[0m
[2026-08-27T12:30:11.704Z] POST /api/guards/register
[0mPOST /api/guards/register [32m201[0m 742.815 ms - 639[0m
[2026-08-27T12:30:12.454Z] POST /api/guards/register
[0mPOST /api/guards/register [32m201[0m 781.473 ms - 639[0m
[2026-08-27T12:30:13.241Z] POST /api/guards/assign-site
[0mPOST /api/guards/assign-site [32m201[0m 26.075 ms - 342[0m
[2026-08-27T12:30:13.271Z] POST /api/guards/assign-site
[0mPOST /api/guards/assign-site [32m201[0m 27.076 ms - 342[0m
[2026-08-27T12:30:13.303Z] POST /api/guards/assign-site
[0mPOST /api/guards/assign-site [33m403[0m 8.256 ms - 1353[0m
[2026-08-27T12:30:13.315Z] POST /api/guards/register
[0mPOST /api/guards/register [32m201[0m 658.445 ms - 637[0m
[2026-08-27T12:30:13.977Z] POST /api/guards/register
[0mPOST /api/guards/register [32m201[0m 647.673 ms - 637[0m
[2026-08-27T12:30:14.629Z] POST /api/guards/register
[0mPOST /api/guards/register [32m201[0m 658.440 ms - 637[0m
[2026-08-27T12:30:15.292Z] POST /api/auth/login
[0mPOST /api/auth/login [32m200[0m 1284.162 ms - 613[0m
[2026-08-27T12:30:16.581Z] POST /api/auth/login
[0mPOST /api/auth/login [32m200[0m 1169.229 ms - 613[0m
[2026-08-27T12:30:17.753Z] POST /api/auth/login
[0mPOST /api/auth/login [32m200[0m 748.159 ms - 613[0m
[2026-08-27T12:30:18.504Z] POST /api/sites
[0mPOST /api/sites [32m201[0m 36.504 ms - 406[0m
[2026-08-27T12:30:18.545Z] POST /api/guards/assign-site
[0mPOST /api/guards/assign-site [32m201[0m 121.213 ms - 342[0m
[2026-08-27T12:30:18.674Z] POST /api/attendance/clock-in
[0mPOST /api/attendance/clock-in [32m201[0m 227.945 ms - 413[0m
[2026-08-27T12:30:18.906Z] POST /api/attendance/clock-out/6a902dd58eaf4aa7e6fbd1a8
[0mPOST /api/attendance/clock-out/6a902dd58eaf4aa7e6fbd1a8 [32m200[0m 23.745 ms - 473[0m
[2026-08-27T12:30:18.932Z] POST /api/guards/assign-site
[0mPOST /api/guards/assign-site [32m201[0m 37.811 ms - 342[0m
[2026-08-27T12:30:18.977Z] GET /api/attendance/on-duty/6a902dda8eaf4aa7e6fbd1cb
[0mGET /api/attendance/on-duty/6a902dda8eaf4aa7e6fbd1cb [32m200[0m 10.979 ms - 26[0m
[2026-08-27T12:30:18.994Z] POST /api/attendance/clock-in
[0mPOST /api/attendance/clock-in [32m201[0m 92.750 ms - 413[0m
[2026-08-27T12:30:19.094Z] POST /api/attendance/clock-out/6a902dd58eaf4aa7e6fbd1b2
[0mPOST /api/attendance/clock-out/6a902dd58eaf4aa7e6fbd1b2 [32m200[0m 98.044 ms - 473[0m
[2026-08-27T12:30:19.198Z] POST /api/sites
[0mPOST /api/sites [32m201[0m 185.710 ms - 407[0m
[2026-08-27T12:30:19.393Z] POST /api/guards/assign-site
[0mPOST /api/guards/assign-site [32m201[0m 33.422 ms - 342[0m
[2026-08-27T12:30:19.431Z] POST /api/guards/assign-site
[0mPOST /api/guards/assign-site [32m201[0m 29.110 ms - 342[0m
[2026-08-27T12:30:19.471Z] POST /api/guards/assign-site
[0mPOST /api/guards/assign-site [32m201[0m 1376.521 ms - 342[0m
[2026-08-27T12:30:20.853Z] GET /api/attendance/on-duty/6a902ddb8eaf4aa7e6fbd1ff
[0mGET /api/attendance/on-duty/6a902ddb8eaf4aa7e6fbd1ff [32m200[0m 8.517 ms - 26[0m
[2026-08-27T12:30:20.865Z] POST /api/attendance/clock-in
[0mPOST /api/attendance/clock-in [32m201[0m 39.316 ms - 413[0m
[2026-08-27T12:30:20.910Z] GET /api/attendance/on-duty/6a902ddb8eaf4aa7e6fbd1ff
[0mGET /api/attendance/on-duty/6a902ddb8eaf4aa7e6fbd1ff [32m200[0m 10.657 ms - 52[0m
[2026-08-27T12:30:20.928Z] POST /api/attendance/clock-in
[0mPOST /api/attendance/clock-in [32m201[0m 169.022 ms - 413[0m
[2026-08-27T12:30:21.100Z] GET /api/attendance/on-duty/6a902ddb8eaf4aa7e6fbd1ff
[0mGET /api/attendance/on-duty/6a902ddb8eaf4aa7e6fbd1ff [32m200[0m 14.365 ms - 79[0m
[2026-08-27T12:30:21.118Z] POST /api/attendance/clock-in
[0mPOST /api/attendance/clock-in [32m201[0m 68.422 ms - 413[0m
[2026-08-27T12:30:21.189Z] GET /api/attendance/active/6a902dd58eaf4aa7e6fbd1a8
[0mGET /api/attendance/active/6a902dd58eaf4aa7e6fbd1a8 [32m200[0m 11.449 ms - 770[0m
[2026-08-27T12:30:21.204Z] POST /api/attendance/clock-in
[0mPOST /api/attendance/clock-in [33m409[0m 9.375 ms - 654[0m
[2026-08-27T12:30:21.216Z] POST /api/attendance/clock-out/6a902dd58eaf4aa7e6fbd1a8
[0mPOST /api/attendance/clock-out/6a902dd58eaf4aa7e6fbd1a8 [32m200[0m 30.918 ms - 516[0m
[2026-08-27T12:30:21.250Z] GET /api/attendance/recent/6a902dd58eaf4aa7e6fbd1a8?days=1
[0mGET /api/attendance/recent/6a902dd58eaf4aa7e6fbd1a8?days=1 [32m200[0m 16.512 ms - 1681[0m
[2026-08-27T12:30:21.308Z] POST /api/attendance/clock-in
[0mPOST /api/attendance/clock-in [33m409[0m 8.555 ms - 654[0m
[2026-08-27T12:30:21.319Z] GET /api/attendance/coverage-alerts/6a902ddb8eaf4aa7e6fbd1ff
[0mGET /api/attendance/coverage-alerts/6a902ddb8eaf4aa7e6fbd1ff [32m200[0m 17.914 ms - 90[0m
[2026-08-27T12:30:21.344Z] GET /api/attendance/active/6a902dd58eaf4aa7e6fbd1b2
[0mGET /api/attendance/active/6a902dd58eaf4aa7e6fbd1b2 [32m200[0m 16.149 ms - 770[0m
[2026-08-27T12:30:21.363Z] POST /api/attendance/override-clockout/6a902ddc8eaf4aa7e6fbd22b
[0mPOST /api/attendance/override-clockout/6a902ddc8eaf4aa7e6fbd22b [32m200[0m 92.657 ms - 563[0m
[2026-08-27T12:30:21.461Z] POST /api/sites
[0mPOST /api/sites [32m201[0m 36.722 ms - 391[0m
[2026-08-27T12:30:21.501Z] POST /api/guards/register
[0mPOST /api/guards/register [32m201[0m 730.512 ms - 632[0m
[2026-08-27T12:30:22.236Z] POST /api/auth/login
[0mPOST /api/auth/login [32m200[0m 855.016 ms - 612[0m
[2026-08-27T12:30:23.096Z] POST /api/attendance/clock-in
[0mPOST /api/attendance/clock-in [32m201[0m 29.844 ms - 413[0m
[2026-08-27T12:30:23.132Z] GET /api/attendance/active/6a902ddd8eaf4aa7e6fbd25b
[0mGET /api/attendance/active/6a902ddd8eaf4aa7e6fbd25b [32m200[0m 28.572 ms - 754[0m
[2026-08-27T12:30:23.163Z] POST /api/attendance/override-clockout/6a902ddf8eaf4aa7e6fbd268
[0mPOST /api/attendance/override-clockout/6a902ddf8eaf4aa7e6fbd268 [33m403[0m 6.061 ms - 1367[0m
[2026-08-27T12:30:23.175Z] POST /api/attendance/override-clockout/6a902ddf8eaf4aa7e6fbd268
[0mPOST /api/attendance/override-clockout/6a902ddf8eaf4aa7e6fbd268 [32m200[0m 31.014 ms - 549[0m
[2026-08-27T12:30:23.209Z] GET /api/attendance/on-duty/6a902ddb8eaf4aa7e6fbd1ff
[0mGET /api/attendance/on-duty/6a902ddb8eaf4aa7e6fbd1ff [32m200[0m 7.444 ms - 52[0m
[2026-08-27T12:30:23.219Z] GET /api/attendance/active/6a902dd68eaf4aa7e6fbd1bc
[0mGET /api/attendance/active/6a902dd68eaf4aa7e6fbd1bc [32m200[0m 23.332 ms - 770[0m
[2026-08-27T12:30:23.245Z] POST /api/attendance/clock-out/6a902dd68eaf4aa7e6fbd1bc
[0mPOST /api/attendance/clock-out/6a902dd68eaf4aa7e6fbd1bc [32m200[0m 31.357 ms - 471[0m
[2026-08-27T12:30:23.279Z] POST /api/guards/assign-site
[0mPOST /api/guards/assign-site [32m201[0m 29.602 ms - 342[0m
[2026-08-27T12:30:23.313Z] POST /api/attendance/clock-in
[0mPOST /api/attendance/clock-in [32m201[0m 35.053 ms - 413[0m
[2026-08-27T12:30:23.353Z] POST /api/attendance/clock-out/6a902dd68eaf4aa7e6fbd1bc
[0mPOST /api/attendance/clock-out/6a902dd68eaf4aa7e6fbd1bc [32m200[0m 29.974 ms - 473[0m
[2026-08-27T12:30:23.385Z] POST /api/sites
[0mPOST /api/sites [32m201[0m 14.662 ms - 403[0m
[2026-08-27T12:30:23.407Z] POST /api/guards/register
[0mPOST /api/guards/register [32m201[0m 824.326 ms - 633[0m
[2026-08-27T12:30:24.241Z] POST /api/guards/register
[0mPOST /api/guards/register [32m201[0m 941.277 ms - 629[0m
[2026-08-27T12:30:25.195Z] POST /api/auth/login
[0mPOST /api/auth/login [32m200[0m 736.148 ms - 612[0m
[2026-08-27T12:30:25.935Z] POST /api/auth/login
[0mPOST /api/auth/login [32m200[0m 1016.060 ms - 609[0m
[2026-08-27T12:30:27.026Z] POST /api/guards/assign-site
[0mPOST /api/guards/assign-site [32m201[0m 1406.971 ms - 342[0m
[2026-08-27T12:30:28.437Z] POST /api/attendance/clock-in
[0mPOST /api/attendance/clock-in [32m201[0m 66.010 ms - 413[0m
[2026-08-27T12:30:28.507Z] POST /api/attendance/clock-out/6a902de08eaf4aa7e6fbd2a7
[0mPOST /api/attendance/clock-out/6a902de08eaf4aa7e6fbd2a7 [32m200[0m 81.961 ms - 517[0m
[2026-08-27T12:30:28.592Z] POST /api/guards/assign-site
[0mPOST /api/guards/assign-site [32m201[0m 32.272 ms - 342[0m
[2026-08-27T12:30:28.628Z] POST /api/attendance/clock-in
[0mPOST /api/attendance/clock-in [33m400[0m 15.456 ms - 734[0m
[2026-08-27T12:30:28.647Z] POST /api/sites
[0mPOST /api/sites [32m201[0m 16.786 ms - 394[0m
[2026-08-27T12:30:28.668Z] POST /api/attendance/clock-in
[0mPOST /api/attendance/clock-in [32m201[0m 93.254 ms - 413[0m
[2026-08-27T12:30:28.765Z] POST /api/attendance/clock-out/6a902ddf8eaf4aa7e6fbd29d
[0mPOST /api/attendance/clock-out/6a902ddf8eaf4aa7e6fbd29d [32m200[0m 56.885 ms - 473[0m
[2026-08-27T12:30:28.825Z] GET /api/employees?limit=1
[0mGET /api/employees?limit=1 [32m200[0m 21.020 ms - 615[0m
[2026-08-27T12:30:28.849Z] GET /api/sites?limit=1
[0mGET /api/sites?limit=1 [32m200[0m 16.330 ms - 459[0m
[2026-08-27T12:31:06.740Z] POST /api/sites
[0mPOST /api/sites [33m403[0m 10.546 ms - 1353[0m
[2026-08-27T12:31:07.667Z] POST /api/sites
[0mPOST /api/sites [33m403[0m 30.518 ms - 1353[0m
[2026-08-27T12:31:07.994Z] POST /api/sites
[0mPOST /api/sites [33m403[0m 15.914 ms - 1353[0m
[2026-08-27T12:31:08.389Z] POST /api/sites
[0mPOST /api/sites [33m403[0m 10.136 ms - 1353[0m
[2026-08-27T12:31:09.489Z] GET /api/sites?page=1&limit=20
[0mGET /api/sites?page=1&limit=20 [32m200[0m 22.643 ms - 7633[0m
[2026-08-27T12:31:09.539Z] GET /api/sites?page=1&limit=20
[0mGET /api/sites?page=1&limit=20 [36m304[0m 18.700 ms - -[0m
[2026-08-27T12:31:51.714Z] POST /api/sites
[0mPOST /api/sites [33m403[0m 10.718 ms - 1353[0m
[2026-08-27T12:33:39.277Z] GET /api/sites
[0mGET /api/sites [32m200[0m 49.312 ms - 7633[0m
[2026-08-27T12:33:39.349Z] GET /api/sites
[0mGET /api/sites [36m304[0m 19.454 ms - -[0m
[2026-08-27T12:33:39.396Z] GET /api/sites
[0mGET /api/sites [36m304[0m 23.003 ms - -[0m
[2026-08-27T12:33:40.477Z] GET /api/guards
[2026-08-27T12:33:40.486Z] GET /api/sites
[0mGET /api/sites [36m304[0m 26.976 ms - -[0m
[2026-08-27T12:33:40.576Z] GET /api/sites
[0mGET /api/sites [36m304[0m 582.254 ms - -[0m
[2026-08-27T12:33:45.802Z] GET /api/audit
[0mGET /api/audit [33m404[0m 10.715 ms - 45[0m
[0mGET /api/guards [32m200[0m 5974.049 ms - 480769[0m
[2026-08-27T12:33:46.473Z] GET /api/audit
[0mGET /api/audit [33m404[0m 1.286 ms - 45[0m
[2026-08-27T12:33:46.511Z] GET /api/guards
[0mGET /api/guards [36m304[0m 4413.776 ms - -[0m
[2026-08-27T12:34:01.041Z] GET /api/sites
[0mGET /api/sites [36m304[0m 31.235 ms - -[0m
[2026-08-27T12:34:01.149Z] GET /api/sites
[0mGET /api/sites [36m304[0m 21.273 ms - -[0m
[2026-08-27T12:34:01.198Z] GET /api/sites
[0mGET /api/sites [36m304[0m 17.382 ms - -[0m
[2026-08-27T12:34:04.131Z] GET /api/guards
[2026-08-27T12:34:04.188Z] GET /api/staff-attendance/summary?year=2026&month=8
[0mGET /api/staff-attendance/summary?year=2026&month=8 [32m200[0m 2827.743 ms - 66272[0m
[2026-08-27T12:34:07.736Z] GET /api/staff-attendance/summary?year=2026&month=8
[0mGET /api/guards [36m304[0m 3966.408 ms - -[0m
[0mGET /api/staff-attendance/summary?year=2026&month=8 [36m304[0m 469.412 ms - -[0m
[2026-08-27T12:34:08.236Z] GET /api/guards
[2026-08-27T12:34:12.636Z] GET /api/attendance?startDate=2026-08-01&endDate=2026-08-31
[0mGET /api/guards [36m304[0m 5346.780 ms - -[0m
[0mGET /api/attendance?startDate=2026-08-01&endDate=2026-08-31 [32m200[0m 1663.331 ms - 514623[0m
[2026-08-27T12:34:14.333Z] GET /api/attendance?startDate=2026-08-01&endDate=2026-08-31
[0mGET /api/attendance?startDate=2026-08-01&endDate=2026-08-31 [36m304[0m 554.075 ms - -[0m
[2026-08-27T12:36:21.233Z] GET /api/guards
[2026-08-27T12:36:21.281Z] GET /api/staff-attendance/summary?year=2026&month=9
[0mGET /api/staff-attendance/summary?year=2026&month=9 [32m200[0m 23067.280 ms - 66277[0m
[0mGET /api/guards [36m304[0m 24080.581 ms - -[0m
[2026-08-27T12:37:29.441Z] GET /api/guards
[0mGET /api/guards [36m304[0m 6612.332 ms - -[0m
[2026-08-27T12:37:36.194Z] GET /api/staff-attendance/summary?year=2026&month=10
[0mGET /api/staff-attendance/summary?year=2026&month=10 [32m200[0m 82.809 ms - 66272[0m
[2026-08-27T12:37:56.939Z] GET /api/attendance?startDate=2026-09-01&endDate=2026-09-30
[0mGET /api/attendance?startDate=2026-09-01&endDate=2026-09-30 [32m200[0m 13.454 ms - 26[0m
[2026-08-27T12:37:56.986Z] GET /api/attendance?startDate=2026-10-01&endDate=2026-10-31
[0mGET /api/attendance?startDate=2026-10-01&endDate=2026-10-31 [32m200[0m 12.994 ms - 26[0m
